"DateTime","30-day Moving Average"
"2020-01-01 00:00:00",NaN
"2020-01-02 00:00:00",NaN
"2020-01-03 00:00:00",NaN
"2020-01-04 00:00:00",NaN
"2020-01-05 00:00:00",NaN
"2020-01-06 00:00:00",NaN
"2020-01-07 00:00:00",NaN
"2020-01-08 00:00:00",NaN
"2020-01-09 00:00:00",NaN
"2020-01-10 00:00:00",NaN
"2020-01-11 00:00:00",NaN
"2020-01-12 00:00:00",NaN
"2020-01-13 00:00:00",NaN
"2020-01-14 00:00:00",NaN
"2020-01-15 00:00:00",NaN
"2020-01-16 00:00:00",NaN
"2020-01-17 00:00:00",NaN
"2020-01-18 00:00:00",NaN
"2020-01-19 00:00:00",NaN
"2020-01-20 00:00:00",NaN
"2020-01-21 00:00:00",NaN
"2020-01-22 00:00:00",NaN
"2020-01-23 00:00:00",NaN
"2020-01-24 00:00:00",NaN
"2020-01-25 00:00:00",NaN
"2020-01-26 00:00:00",NaN
"2020-01-27 00:00:00",NaN
"2020-01-28 00:00:00",NaN
"2020-01-29 00:00:00",NaN
"2020-01-30 00:00:00",-17.84183814645679
"2020-01-31 00:00:00",-16.12699433319452
"2020-02-01 00:00:00",-16.57969974639396
"2020-02-02 00:00:00",-14.377166556237158
"2020-02-03 00:00:00",-13.319237048710008
"2020-02-04 00:00:00",-12.23628504558145
"2020-02-05 00:00:00",-13.58746680366109
"2020-02-06 00:00:00",-13.20086361094735
"2020-02-07 00:00:00",-13.894774779910321
"2020-02-08 00:00:00",-12.83754643000976
"2020-02-09 00:00:00",-12.40075660573809
"2020-02-10 00:00:00",-12.86880467202317
"2020-02-11 00:00:00",-13.292944372316951
"2020-02-12 00:00:00",-12.438311538611629
"2020-02-13 00:00:00",-12.50724102501681
"2020-02-14 00:00:00",-11.69204412167397
"2020-02-15 00:00:00",-9.88220423415869
"2020-02-16 00:00:00",-11.07656079034709
"2020-02-17 00:00:00",-10.84170056691286
"2020-02-18 00:00:00",-9.15738239732153
"2020-02-19 00:00:00",-9.51633919692761
"2020-02-20 00:00:00",-9.26608722441193
"2020-02-21 00:00:00",-8.25427848394597
"2020-02-22 00:00:00",-8.401312662353929
"2020-02-23 00:00:00",-8.49336783900756
"2020-02-24 00:00:00",-8.07348546737105
"2020-02-25 00:00:00",-7.55855445774503
"2020-02-26 00:00:00",-6.377609169821009
"2020-02-27 00:00:00",-6.01697913010094
"2020-02-28 00:00:00",-6.00866491667642
"2020-02-29 00:00:00",-6.00866491667642
"2020-03-01 00:00:00",-3.3898324046065795
"2020-03-02 00:00:00",-3.36764953099655
"2020-03-03 00:00:00",-2.89032688061176
"2020-03-04 00:00:00",-2.74082002000718
"2020-03-05 00:00:00",-1.1893095411330301
"2020-03-06 00:00:00",-3.68239405011958
"2020-03-07 00:00:00",-2.88062197392287
"2020-03-08 00:00:00",-4.34401044888382
"2020-03-09 00:00:00",-3.19499885365895
"2020-03-10 00:00:00",-2.21939947917555
"2020-03-11 00:00:00",-0.74923276995709
"2020-03-12 00:00:00",0.95084241286733
"2020-03-13 00:00:00",1.8950287167690898
"2020-03-14 00:00:00",1.84860059583154
"2020-03-15 00:00:00",-0.7713269157132799
"2020-03-16 00:00:00",-0.6652518266452
"2020-03-17 00:00:00",-2.2370728646272298
"2020-03-18 00:00:00",0.25721992916145003
"2020-03-19 00:00:00",0.95579891200194
"2020-03-20 00:00:00",-0.12192572121765
"2020-03-21 00:00:00",-0.73135413527044
"2020-03-22 00:00:00",-2.20681297641103
"2020-03-23 00:00:00",-2.07641588598613
"2020-03-24 00:00:00",-3.3857438660077896
"2020-03-25 00:00:00",-1.7140591729966101
"2020-03-26 00:00:00",-1.1686494118000599
"2020-03-27 00:00:00",-3.12606378873647
"2020-03-28 00:00:00",-5.27465221460435
"2020-03-29 00:00:00",-6.67067505816439
"2020-03-30 00:00:00",-5.32892833994962
"2020-03-31 00:00:00",-7.259887037242729
"2020-04-01 00:00:00",-7.39368650712796
"2020-04-02 00:00:00",-6.97852937192778
"2020-04-03 00:00:00",-9.65515036605748
"2020-04-04 00:00:00",-10.917838603508361
"2020-04-05 00:00:00",-10.28564738114744
"2020-04-06 00:00:00",-8.931272839368031
"2020-04-07 00:00:00",-7.842918598993561
"2020-04-08 00:00:00",-9.162308444851499
"2020-04-09 00:00:00",-10.77096536791777
"2020-04-10 00:00:00",-12.06025091595686
"2020-04-11 00:00:00",-14.69721664849547
"2020-04-12 00:00:00",-14.63012822201215
"2020-04-13 00:00:00",-13.913017827290941
"2020-04-14 00:00:00",-10.45633192969994
"2020-04-15 00:00:00",-12.524840851203109
"2020-04-16 00:00:00",-10.317997399990041
"2020-04-17 00:00:00",-10.90958766300148
"2020-04-18 00:00:00",-12.21678600326845
"2020-04-19 00:00:00",-11.93732039404424
"2020-04-20 00:00:00",-10.65499790663655
"2020-04-21 00:00:00",-9.440808590103721
"2020-04-22 00:00:00",-9.82227537574214
"2020-04-23 00:00:00",-9.63536035187089
"2020-04-24 00:00:00",-11.488841885184959
"2020-04-25 00:00:00",-11.64560675834653
"2020-04-26 00:00:00",-10.90502089443544
"2020-04-27 00:00:00",-9.677226482577481
"2020-04-28 00:00:00",-9.08183470734885
"2020-04-29 00:00:00",-9.25725996811154
"2020-04-30 00:00:00",-8.204900649098219
"2020-05-01 00:00:00",-9.25387206687693
"2020-05-02 00:00:00",-8.431117493281679
"2020-05-03 00:00:00",-9.66929886383209
"2020-05-04 00:00:00",-7.8403815805483905
"2020-05-05 00:00:00",-7.69510115149253
"2020-05-06 00:00:00",-8.32143185755033
"2020-05-07 00:00:00",-8.946339027743571
"2020-05-08 00:00:00",-10.09085789295518
"2020-05-09 00:00:00",-9.42117125418949
"2020-05-10 00:00:00",-9.41161384917856
"2020-05-11 00:00:00",-7.39991058581055
"2020-05-12 00:00:00",-6.11911976294651
"2020-05-13 00:00:00",-6.49908897452781
"2020-05-14 00:00:00",-8.3502029213674
"2020-05-15 00:00:00",-6.00049491760849
"2020-05-16 00:00:00",-7.70313128553118
"2020-05-17 00:00:00",-8.74907325083432
"2020-05-18 00:00:00",-6.8434004901592
"2020-05-19 00:00:00",-6.00978842582794
"2020-05-20 00:00:00",-6.0427619135595005
"2020-05-21 00:00:00",-6.84016818561399
"2020-05-22 00:00:00",-7.14625430823722
"2020-05-23 00:00:00",-7.532957344447749
"2020-05-24 00:00:00",-6.4290754598730695
"2020-05-25 00:00:00",-6.72534833127405
"2020-05-26 00:00:00",-4.15736480952597
"2020-05-27 00:00:00",-6.59328429438266
"2020-05-28 00:00:00",-7.146466955678029
"2020-05-29 00:00:00",-8.09667480365037
"2020-05-30 00:00:00",-10.129741251053979
"2020-05-31 00:00:00",-9.85325921514721
"2020-06-01 00:00:00",-9.53011161169183
"2020-06-02 00:00:00",-6.66048021341531
"2020-06-03 00:00:00",-10.286665448210531
"2020-06-04 00:00:00",-10.73506175300798
"2020-06-05 00:00:00",-11.37159191520409
"2020-06-06 00:00:00",-11.17616149433505
"2020-06-07 00:00:00",-9.363938553124191
"2020-06-08 00:00:00",-8.97053437734894
"2020-06-09 00:00:00",-8.01153313784076
"2020-06-10 00:00:00",-7.9222724861919005
"2020-06-11 00:00:00",-10.54058628537371
"2020-06-12 00:00:00",-10.64225127441894
"2020-06-13 00:00:00",-13.008666193805652
"2020-06-14 00:00:00",-14.24357476201696
"2020-06-15 00:00:00",-11.90432329765762
"2020-06-16 00:00:00",-10.72527370832671
"2020-06-17 00:00:00",-11.712711533564189
"2020-06-18 00:00:00",-12.01991070026411
"2020-06-19 00:00:00",-12.720465832362091
"2020-06-20 00:00:00",-12.6003636717174
"2020-06-21 00:00:00",-12.64396126076203
"2020-06-22 00:00:00",-11.00217628054041
"2020-06-23 00:00:00",-11.577754706258741
"2020-06-24 00:00:00",-11.44659616760301
"2020-06-25 00:00:00",-13.658395039867429
"2020-06-26 00:00:00",-11.31714937684292
"2020-06-27 00:00:00",-11.79486428244721
"2020-06-28 00:00:00",-11.803761857581101
"2020-06-29 00:00:00",-10.1776897732997
"2020-06-30 00:00:00",-10.19975158013291
"2020-07-01 00:00:00",-11.35902873733647
"2020-07-02 00:00:00",-11.990955650317101
"2020-07-03 00:00:00",-11.42703666438079
"2020-07-04 00:00:00",-10.742278539126831
"2020-07-05 00:00:00",-10.91112234611187
"2020-07-06 00:00:00",-8.22324683053083
"2020-07-07 00:00:00",-9.95752015827633
"2020-07-08 00:00:00",-11.00333862825693
"2020-07-09 00:00:00",-11.00576329374062
"2020-07-10 00:00:00",-11.09384432565043
"2020-07-11 00:00:00",-9.70810481059865
"2020-07-12 00:00:00",-7.66638136392028
"2020-07-13 00:00:00",-4.3156282615807
"2020-07-14 00:00:00",-2.69855335065266
"2020-07-15 00:00:00",-5.8180289198491
"2020-07-16 00:00:00",-6.07675106903853
"2020-07-17 00:00:00",-6.4144978904277
"2020-07-18 00:00:00",-7.986351020924159
"2020-07-19 00:00:00",-6.917624886833471
"2020-07-20 00:00:00",-5.02997897553385
"2020-07-21 00:00:00",-5.81945756878011
"2020-07-22 00:00:00",-7.369863698150129
"2020-07-23 00:00:00",-6.9332094941679205
"2020-07-24 00:00:00",-7.41311114411161
"2020-07-25 00:00:00",-5.38120478275124
"2020-07-26 00:00:00",-6.809463941885411
"2020-07-27 00:00:00",-4.01993122868192
"2020-07-28 00:00:00",-4.575528771754
"2020-07-29 00:00:00",-3.79224824221688
"2020-07-30 00:00:00",-4.71837602019151
"2020-07-31 00:00:00",-3.22167324323219
"2020-08-01 00:00:00",-3.6134399740827097
"2020-08-02 00:00:00",-2.34409824093629
"2020-08-03 00:00:00",0.01858851356846
"2020-08-04 00:00:00",1.9709817023045102
"2020-08-05 00:00:00",-1.33963819901211
"2020-08-06 00:00:00",-1.6305053872576698
"2020-08-07 00:00:00",-0.55385559243092
"2020-08-08 00:00:00",-0.9538300953432
"2020-08-09 00:00:00",-0.26778211080269
"2020-08-10 00:00:00",1.07802330666229
"2020-08-11 00:00:00",-0.18667714707431
"2020-08-12 00:00:00",-2.60017599347948
"2020-08-13 00:00:00",-3.4604004933997903
"2020-08-14 00:00:00",-2.46368399786429
"2020-08-15 00:00:00",-2.0570988632076603
"2020-08-16 00:00:00",-2.62769772256463
"2020-08-17 00:00:00",0.61056609402172
"2020-08-18 00:00:00",0.6179007724105701
"2020-08-19 00:00:00",-2.2337125341216
"2020-08-20 00:00:00",-2.0993207906921
"2020-08-21 00:00:00",-1.1733555903783799
"2020-08-22 00:00:00",-1.00716978537096
"2020-08-23 00:00:00",-0.48077994329984997
"2020-08-24 00:00:00",-1.47063596323117
"2020-08-25 00:00:00",-0.92715110960257
"2020-08-26 00:00:00",-4.55516406753353
"2020-08-27 00:00:00",-4.75116651288293
"2020-08-28 00:00:00",-6.30829639414258
"2020-08-29 00:00:00",-5.67304825381912
"2020-08-30 00:00:00",-5.61874247039265
"2020-08-31 00:00:00",-3.3991495728233603
"2020-09-01 00:00:00",-4.39690601776061
"2020-09-02 00:00:00",-5.0543339752978795
"2020-09-03 00:00:00",-5.530456107475399
"2020-09-04 00:00:00",-3.80318714323147
"2020-09-05 00:00:00",-3.02237682689636
"2020-09-06 00:00:00",-1.70340339418013
"2020-09-07 00:00:00",-0.39712222056700996
"2020-09-08 00:00:00",-1.6834845799762899
"2020-09-09 00:00:00",-4.03182269441322
"2020-09-10 00:00:00",-3.79260164986675
"2020-09-11 00:00:00",-4.18664188477503
"2020-09-12 00:00:00",-3.34485579534739
"2020-09-13 00:00:00",-2.22454372887147
"2020-09-14 00:00:00",-1.8629657125719699
"2020-09-15 00:00:00",-2.65768479973214
"2020-09-16 00:00:00",-3.9600999392297602
"2020-09-17 00:00:00",-3.22044366311791
"2020-09-18 00:00:00",-3.03551147039464
"2020-09-19 00:00:00",-3.6664798035843402
"2020-09-20 00:00:00",-3.6883994853939996
"2020-09-21 00:00:00",-1.66318277708346
"2020-09-22 00:00:00",-1.6353464384830498
"2020-09-23 00:00:00",-2.37364154635898
"2020-09-24 00:00:00",-2.59635571566203
"2020-09-25 00:00:00",-0.85377595314061
"2020-09-26 00:00:00",-0.76732757198432
"2020-09-27 00:00:00",-0.25993931324066
"2020-09-28 00:00:00",1.0833247657469
"2020-09-29 00:00:00",0.38330219044361996
"2020-09-30 00:00:00",-1.95080330266326
"2020-10-01 00:00:00",-0.07984630660094999
"2020-10-02 00:00:00",-2.6854088462201697
"2020-10-03 00:00:00",-4.01921164972498
"2020-10-04 00:00:00",-4.499582458404619
"2020-10-05 00:00:00",-3.37698748890918
"2020-10-06 00:00:00",-3.66109767320519
"2020-10-07 00:00:00",-5.35538056720663
"2020-10-08 00:00:00",-5.48807450500858
"2020-10-09 00:00:00",-4.00593913146918
"2020-10-10 00:00:00",-5.315931821568269
"2020-10-11 00:00:00",-3.01190208468876
"2020-10-12 00:00:00",-2.56197183834862
"2020-10-13 00:00:00",-3.23236396714263
"2020-10-14 00:00:00",-4.66892812503808
"2020-10-15 00:00:00",-1.54066174066759
"2020-10-16 00:00:00",-2.34159125499593
"2020-10-17 00:00:00",-2.60830118243065
"2020-10-18 00:00:00",-0.78775765271869
"2020-10-19 00:00:00",1.33318391498193
"2020-10-20 00:00:00",1.36209540330365
"2020-10-21 00:00:00",-2.90091868978684
"2020-10-22 00:00:00",-1.54760770187393
"2020-10-23 00:00:00",-2.59323441977868
"2020-10-24 00:00:00",-0.27564970434886
"2020-10-25 00:00:00",-0.31393702309249
"2020-10-26 00:00:00",2.4842683834056
"2020-10-27 00:00:00",2.4487799453542998
"2020-10-28 00:00:00",2.71654990018892
"2020-10-29 00:00:00",2.53847511778184
"2020-10-30 00:00:00",3.1976247386784595
"2020-10-31 00:00:00",2.2299182111311397
"2020-11-01 00:00:00",3.5654270171265603
"2020-11-02 00:00:00",4.88074322565024
"2020-11-03 00:00:00",4.4167257577117
"2020-11-04 00:00:00",3.32211857040629
"2020-11-05 00:00:00",3.77645266922448
"2020-11-06 00:00:00",4.89496502839597
"2020-11-07 00:00:00",6.53561805397793
"2020-11-08 00:00:00",5.79415472348372
"2020-11-09 00:00:00",8.595950424570841
"2020-11-10 00:00:00",8.717283915051679
"2020-11-11 00:00:00",6.57399021459921
"2020-11-12 00:00:00",6.12361342369736
"2020-11-13 00:00:00",6.42204757068478
"2020-11-14 00:00:00",5.397713635312891
"2020-11-15 00:00:00",6.564849759793701
"2020-11-16 00:00:00",6.744207751138299
"2020-11-17 00:00:00",6.95395732723422
"2020-11-18 00:00:00",5.89807248412665
"2020-11-19 00:00:00",4.62548532993849
"2020-11-20 00:00:00",6.57553735053901
"2020-11-21 00:00:00",3.57847151271111
"2020-11-22 00:00:00",4.31044305927037
"2020-11-23 00:00:00",4.18993434894825
"2020-11-24 00:00:00",5.31323899197786
"2020-11-25 00:00:00",3.52310683307524
"2020-11-26 00:00:00",4.23957836467745
"2020-11-27 00:00:00",2.5624562289460098
"2020-11-28 00:00:00",1.47319402607781
"2020-11-29 00:00:00",2.71104983278427
"2020-11-30 00:00:00",4.91721644355336
"2020-12-01 00:00:00",5.047040510223081
"2020-12-02 00:00:00",6.82370295543222
"2020-12-03 00:00:00",6.54175683588407
"2020-12-04 00:00:00",6.52697964560382
"2020-12-05 00:00:00",5.10929350897388
"2020-12-06 00:00:00",4.30569724957259
"2020-12-07 00:00:00",3.7307750348338304
"2020-12-08 00:00:00",3.8372638082179598
"2020-12-09 00:00:00",4.23713204032498
"2020-12-10 00:00:00",2.56044154411156
"2020-12-11 00:00:00",4.39174527936319
"2020-12-12 00:00:00",4.677563659105919
"2020-12-13 00:00:00",6.26556910936566
"2020-12-14 00:00:00",8.030458517635191
"2020-12-15 00:00:00",8.383899051927859
"2020-12-16 00:00:00",6.76277335897697
"2020-12-17 00:00:00",5.5368884262818305
"2020-12-18 00:00:00",4.33475353832797
"2020-12-19 00:00:00",7.0791279810295595
"2020-12-20 00:00:00",7.24256831309027
"2020-12-21 00:00:00",8.44592510657951
"2020-12-22 00:00:00",10.83584062087001
"2020-12-23 00:00:00",8.33852637337244
"2020-12-24 00:00:00",6.6577146106781795
"2020-12-25 00:00:00",7.005800915061131
"2020-12-26 00:00:00",6.932930315021769
"2020-12-27 00:00:00",6.612068281126899
"2020-12-28 00:00:00",9.89434906906099
"2020-12-29 00:00:00",9.87946293035537
"2020-12-30 00:00:00",6.38853831090879
"2020-12-31 00:00:00",6.3574070663014695
"2021-01-01 00:00:00",3.9594315660646395
"2021-01-02 00:00:00",4.253343753557591
"2021-01-03 00:00:00",4.555624259574341
"2021-01-04 00:00:00",4.94922427649322
"2021-01-05 00:00:00",6.22264942394554
"2021-01-06 00:00:00",5.59817043433876
"2021-01-07 00:00:00",4.616611700726421
"2021-01-08 00:00:00",1.07425543741004
"2021-01-09 00:00:00",2.1423228575382502
"2021-01-10 00:00:00",0.49372919425917994
"2021-01-11 00:00:00",0.82927538008006
"2021-01-12 00:00:00",1.2426687711909599
"2021-01-13 00:00:00",-0.28688763022559
"2021-01-14 00:00:00",-1.77946108218487
"2021-01-15 00:00:00",0.17995664861973
"2021-01-16 00:00:00",1.28084447700678
"2021-01-17 00:00:00",2.64642180377843
"2021-01-18 00:00:00",0.91482952650954
"2021-01-19 00:00:00",2.8772994624700803
"2021-01-20 00:00:00",3.38742454264076
"2021-01-21 00:00:00",2.0272554299971697
"2021-01-22 00:00:00",2.16992320935036
"2021-01-23 00:00:00",2.25402005604959
"2021-01-24 00:00:00",1.59272619268058
"2021-01-25 00:00:00",2.46502749153911
"2021-01-26 00:00:00",3.3332209711586405
"2021-01-27 00:00:00",2.2701014505629202
"2021-01-28 00:00:00",0.5339374562036701
"2021-01-29 00:00:00",1.40809131478891
"2021-01-30 00:00:00",2.85441493069369
"2021-01-31 00:00:00",2.0697922842059997
"2021-02-01 00:00:00",3.21612774403505
"2021-02-02 00:00:00",3.17023397099729
"2021-02-03 00:00:00",3.8898202071357004
"2021-02-04 00:00:00",3.88770549393311
"2021-02-05 00:00:00",4.90406604828523
"2021-02-06 00:00:00",5.28155296602204
"2021-02-07 00:00:00",4.53593312358717
"2021-02-08 00:00:00",5.27982829330371
"2021-02-09 00:00:00",7.519085181788999
"2021-02-10 00:00:00",8.83816041431977
"2021-02-11 00:00:00",8.4975064819712
"2021-02-12 00:00:00",8.66863035852629
"2021-02-13 00:00:00",8.11086320187466
"2021-02-14 00:00:00",4.21880769810576
"2021-02-15 00:00:00",3.38088156821119
"2021-02-16 00:00:00",4.8778876000800695
"2021-02-17 00:00:00",6.10767311154114
"2021-02-18 00:00:00",5.20598537728511
"2021-02-19 00:00:00",6.51577575145154
"2021-02-20 00:00:00",5.70532104674161
"2021-02-21 00:00:00",4.19385616893701
"2021-02-22 00:00:00",5.90864812143328
"2021-02-23 00:00:00",6.03429659888326
"2021-02-24 00:00:00",5.58982357453927
"2021-02-25 00:00:00",5.93410158264866
"2021-02-26 00:00:00",3.84701098805075
"2021-02-27 00:00:00",4.1425999001881
"2021-02-28 00:00:00",5.0426590515354395
"2021-03-01 00:00:00",2.28255968865793
"2021-03-02 00:00:00",3.05479441608953
"2021-03-03 00:00:00",2.84938012061555
"2021-03-04 00:00:00",2.38553668952914
"2021-03-05 00:00:00",1.4353439689766399
"2021-03-06 00:00:00",3.0746069148775
"2021-03-07 00:00:00",3.6551927157094397
"2021-03-08 00:00:00",5.20507703961425
"2021-03-09 00:00:00",5.61088932553734
"2021-03-10 00:00:00",5.09860739164989
"2021-03-11 00:00:00",2.14329431185811
"2021-03-12 00:00:00",1.49525865552617
"2021-03-13 00:00:00",1.54626493396314
"2021-03-14 00:00:00",0.65556859647559
"2021-03-15 00:00:00",2.63437005916127
"2021-03-16 00:00:00",7.0470943631274405
"2021-03-17 00:00:00",7.27323414743965
"2021-03-18 00:00:00",6.37870708561705
"2021-03-19 00:00:00",4.82562744344683
"2021-03-20 00:00:00",6.68461846450199
"2021-03-21 00:00:00",5.67387177951173
"2021-03-22 00:00:00",7.38533676287835
"2021-03-23 00:00:00",7.99948806627299
"2021-03-24 00:00:00",7.0058364335507495
"2021-03-25 00:00:00",7.7827366258512205
"2021-03-26 00:00:00",6.89705974553416
"2021-03-27 00:00:00",7.45928949384648
"2021-03-28 00:00:00",9.447612851480141
"2021-03-29 00:00:00",10.02983299220054
"2021-03-30 00:00:00",8.716355399097491
"2021-03-31 00:00:00",10.4370729844178
"2021-04-01 00:00:00",9.26060265905248
"2021-04-02 00:00:00",7.71993270529636
"2021-04-03 00:00:00",8.70091544519342
"2021-04-04 00:00:00",8.721266320847839
"2021-04-05 00:00:00",6.418863993050759
"2021-04-06 00:00:00",4.22607500775631
"2021-04-07 00:00:00",3.45498611304986
"2021-04-08 00:00:00",4.67840263052898
"2021-04-09 00:00:00",4.68555383814019
"2021-04-10 00:00:00",7.9218607841033
"2021-04-11 00:00:00",8.49787034490312
"2021-04-12 00:00:00",8.30140143245179
"2021-04-13 00:00:00",9.41774562545205
"2021-04-14 00:00:00",6.8566418594941005
"2021-04-15 00:00:00",6.77736295462518
"2021-04-16 00:00:00",6.32599301215519
"2021-04-17 00:00:00",5.55298919197826
"2021-04-18 00:00:00",6.405995524089731
"2021-04-19 00:00:00",5.33378263960828
"2021-04-20 00:00:00",6.12267760211058
"2021-04-21 00:00:00",5.321253105031841
"2021-04-22 00:00:00",7.17195039176059
"2021-04-23 00:00:00",6.984844888906561
"2021-04-24 00:00:00",7.05280746255601
"2021-04-25 00:00:00",9.04114565277052
"2021-04-26 00:00:00",8.92938400583596
"2021-04-27 00:00:00",7.602753852989739
"2021-04-28 00:00:00",7.37557019145482
"2021-04-29 00:00:00",8.641946582825991
"2021-04-30 00:00:00",9.45754416157262
"2021-05-01 00:00:00",9.69075709639848
"2021-05-02 00:00:00",11.72947196325893
"2021-05-03 00:00:00",12.46679915388118
"2021-05-04 00:00:00",11.70237035672847
"2021-05-05 00:00:00",13.38523128037831
"2021-05-06 00:00:00",13.540998365886669
"2021-05-07 00:00:00",14.299518187934659
"2021-05-08 00:00:00",14.47927595867399
"2021-05-09 00:00:00",14.0507000859664
"2021-05-10 00:00:00",13.223370961208818
"2021-05-11 00:00:00",13.265583461568632
"2021-05-12 00:00:00",12.959654895582279
"2021-05-13 00:00:00",11.97801019297877
"2021-05-14 00:00:00",12.569302491649982
"2021-05-15 00:00:00",11.09831940018126
"2021-05-16 00:00:00",13.864037684092159
"2021-05-17 00:00:00",13.974955653980588
"2021-05-18 00:00:00",14.01833866645878
"2021-05-19 00:00:00",13.275998943380449
"2021-05-20 00:00:00",11.793281237980489
"2021-05-21 00:00:00",10.79515939151203
"2021-05-22 00:00:00",9.84522086372836
"2021-05-23 00:00:00",11.01028933690209
"2021-05-24 00:00:00",9.866552384447019
"2021-05-25 00:00:00",8.64620540098877
"2021-05-26 00:00:00",7.554125799549261
"2021-05-27 00:00:00",7.69903716102664
"2021-05-28 00:00:00",7.681656978536219
"2021-05-29 00:00:00",9.27176975858272
"2021-05-30 00:00:00",9.58387704262262
"2021-05-31 00:00:00",12.42269933657609
"2021-06-01 00:00:00",11.715299537954731
"2021-06-02 00:00:00",10.74785155172992
"2021-06-03 00:00:00",10.82288872273222
"2021-06-04 00:00:00",11.62998942827291
"2021-06-05 00:00:00",13.47593777403302
"2021-06-06 00:00:00",13.76318221589867
"2021-06-07 00:00:00",12.134919342980629
"2021-06-08 00:00:00",14.62260868039284
"2021-06-09 00:00:00",13.74270456514268
"2021-06-10 00:00:00",12.398188094797892
"2021-06-11 00:00:00",12.85293166726095
"2021-06-12 00:00:00",14.02517156275944
"2021-06-13 00:00:00",17.70236146998887
"2021-06-14 00:00:00",18.51436800117425
"2021-06-15 00:00:00",14.69784245329011
"2021-06-16 00:00:00",15.24401129192296
"2021-06-17 00:00:00",13.97230765959518
"2021-06-18 00:00:00",12.76008456880506
"2021-06-19 00:00:00",13.410503231319272
"2021-06-20 00:00:00",16.70366377875423
"2021-06-21 00:00:00",18.0431716331642
"2021-06-22 00:00:00",16.5539511572105
"2021-06-23 00:00:00",16.931078700586667
"2021-06-24 00:00:00",14.726795393621138
"2021-06-25 00:00:00",15.860603783395241
"2021-06-26 00:00:00",15.32490332496479
"2021-06-27 00:00:00",17.37696093399672
"2021-06-28 00:00:00",15.48422059134284
"2021-06-29 00:00:00",15.742565656061641
"2021-06-30 00:00:00",12.26281923045919
"2021-07-01 00:00:00",12.64690491922369
"2021-07-02 00:00:00",12.34477835396308
"2021-07-03 00:00:00",13.09149315863336
"2021-07-04 00:00:00",11.53068597669451
"2021-07-05 00:00:00",11.19470901962276
"2021-07-06 00:00:00",7.858554507392119
"2021-07-07 00:00:00",11.06388494623991
"2021-07-08 00:00:00",8.41999338227237
"2021-07-09 00:00:00",7.03812970792487
"2021-07-10 00:00:00",8.10936403967268
"2021-07-11 00:00:00",8.19906124300495
"2021-07-12 00:00:00",7.428080051169481
"2021-07-13 00:00:00",5.6195933601326
"2021-07-14 00:00:00",3.3466312446394504
"2021-07-15 00:00:00",4.10105018377873
"2021-07-16 00:00:00",2.76482917664313
"2021-07-17 00:00:00",3.90985984293923
"2021-07-18 00:00:00",5.15220438320178
"2021-07-19 00:00:00",4.31081731675682
"2021-07-20 00:00:00",2.88803898970704
"2021-07-21 00:00:00",1.77046413782755
"2021-07-22 00:00:00",1.65206821233248
"2021-07-23 00:00:00",2.52800693569579
"2021-07-24 00:00:00",5.66117058575623
"2021-07-25 00:00:00",3.99546404472128
"2021-07-26 00:00:00",5.70765803266459
"2021-07-27 00:00:00",3.48926023706235
"2021-07-28 00:00:00",4.16654710404931
"2021-07-29 00:00:00",2.8454301058620404
"2021-07-30 00:00:00",6.00744062769615
"2021-07-31 00:00:00",4.69293604336287
"2021-08-01 00:00:00",6.114982966021279
"2021-08-02 00:00:00",6.58412755093658
"2021-08-03 00:00:00",4.97969290508577
"2021-08-04 00:00:00",4.2072739907673
"2021-08-05 00:00:00",4.79373094923347
"2021-08-06 00:00:00",4.12796813599558
"2021-08-07 00:00:00",4.6010066338693
"2021-08-08 00:00:00",6.917217714922989
"2021-08-09 00:00:00",5.34383095333377
"2021-08-10 00:00:00",2.9368269293685803
"2021-08-11 00:00:00",3.1493409593267496
"2021-08-12 00:00:00",1.71832057692493
"2021-08-13 00:00:00",1.52803050512746
"2021-08-14 00:00:00",4.30731159604551
"2021-08-15 00:00:00",5.88021554117625
"2021-08-16 00:00:00",7.2584534417991105
"2021-08-17 00:00:00",4.54699157305924
"2021-08-18 00:00:00",4.4971849404558295
"2021-08-19 00:00:00",4.16994348432191
"2021-08-20 00:00:00",5.759883310756489
"2021-08-21 00:00:00",6.785008773778251
"2021-08-22 00:00:00",6.22066714189462
"2021-08-23 00:00:00",3.8581800128502297
"2021-08-24 00:00:00",4.79030903488633
"2021-08-25 00:00:00",6.13562408753365
"2021-08-26 00:00:00",7.09559066587413
"2021-08-27 00:00:00",6.91344719872566
"2021-08-28 00:00:00",6.76211359245779
"2021-08-29 00:00:00",7.33337826147304
"2021-08-30 00:00:00",6.58663260962111
"2021-08-31 00:00:00",4.87635301278817
"2021-09-01 00:00:00",6.50241224292262
"2021-09-02 00:00:00",5.8695442657924
"2021-09-03 00:00:00",5.14297680965538
"2021-09-04 00:00:00",6.786138730656539
"2021-09-05 00:00:00",5.918247744140579
"2021-09-06 00:00:00",4.73192623465414
"2021-09-07 00:00:00",3.8808844099302604
"2021-09-08 00:00:00",6.01612314744326
"2021-09-09 00:00:00",7.5844583341934095
"2021-09-10 00:00:00",6.5369765199547
"2021-09-11 00:00:00",9.10739410920908
"2021-09-12 00:00:00",9.83353050537378
"2021-09-13 00:00:00",7.30500742942441
"2021-09-14 00:00:00",6.2251004765822
"2021-09-15 00:00:00",6.322167199854429
"2021-09-16 00:00:00",7.5645371705725895
"2021-09-17 00:00:00",6.76534170587472
"2021-09-18 00:00:00",7.320104686537871
"2021-09-19 00:00:00",7.667063823979251
"2021-09-20 00:00:00",9.28120322857586
"2021-09-21 00:00:00",7.94086510983445
"2021-09-22 00:00:00",8.37969982807127
"2021-09-23 00:00:00",7.9468930936136495
"2021-09-24 00:00:00",6.66504910957237
"2021-09-25 00:00:00",6.403399443845379
"2021-09-26 00:00:00",5.76104037334941
"2021-09-27 00:00:00",6.7681303116025
"2021-09-28 00:00:00",4.61671356905502
"2021-09-29 00:00:00",6.84877784357289
"2021-09-30 00:00:00",6.4403119524807995
"2021-10-01 00:00:00",4.057110043788479
"2021-10-02 00:00:00",5.89349869559143
"2021-10-03 00:00:00",7.04348481795658
"2021-10-04 00:00:00",7.31302996024294
"2021-10-05 00:00:00",6.68675768806532
"2021-10-06 00:00:00",7.70788604762771
"2021-10-07 00:00:00",8.13827753455538
"2021-10-08 00:00:00",5.87285601491447
"2021-10-09 00:00:00",5.7370175619676
"2021-10-10 00:00:00",7.89608146362803
"2021-10-11 00:00:00",5.91325815684553
"2021-10-12 00:00:00",6.315030100350009
"2021-10-13 00:00:00",6.2570781564059
"2021-10-14 00:00:00",5.87974953077887
"2021-10-15 00:00:00",3.23333652794672
"2021-10-16 00:00:00",3.8874559693571302
"2021-10-17 00:00:00",6.332284400607819
"2021-10-18 00:00:00",4.86279245681844
"2021-10-19 00:00:00",5.7921998765860305
"2021-10-20 00:00:00",4.2733307863319805
"2021-10-21 00:00:00",5.274981465384871
"2021-10-22 00:00:00",3.0170758658109897
"2021-10-23 00:00:00",4.0650718182192405
"2021-10-24 00:00:00",2.49099061433171
"2021-10-25 00:00:00",3.76023018342668
"2021-10-26 00:00:00",3.30740388921533
"2021-10-27 00:00:00",3.08062239605668
"2021-10-28 00:00:00",0.7237075452195499
"2021-10-29 00:00:00",-1.79984363706311
"2021-10-30 00:00:00",-2.47081079673652
"2021-10-31 00:00:00",-1.10971228205819
"2021-11-01 00:00:00",-1.5204295630350502
"2021-11-02 00:00:00",-2.31814246070478
"2021-11-03 00:00:00",-3.3449330323784903
"2021-11-04 00:00:00",-3.27393427351511
"2021-11-05 00:00:00",-3.5905877863413
"2021-11-06 00:00:00",-4.21662574010341
"2021-11-07 00:00:00",-3.703378616709
"2021-11-08 00:00:00",-3.25270257976981
"2021-11-09 00:00:00",-4.19761431097459
"2021-11-10 00:00:00",-5.751380072628621
"2021-11-11 00:00:00",-4.13194377008818
"2021-11-12 00:00:00",-3.71667348979712
"2021-11-13 00:00:00",-2.74415002207083
"2021-11-14 00:00:00",-1.89312251579026
"2021-11-15 00:00:00",-1.31000249630737
"2021-11-16 00:00:00",-2.24627867318903
"2021-11-17 00:00:00",-2.27694145338339
"2021-11-18 00:00:00",-4.5413928264298
"2021-11-19 00:00:00",-6.00120793530022
"2021-11-20 00:00:00",-5.59157540385537
"2021-11-21 00:00:00",-2.22196245159805
"2021-11-22 00:00:00",-1.0851449418952699
"2021-11-23 00:00:00",-2.5118913313677798
"2021-11-24 00:00:00",-2.91225389924797
"2021-11-25 00:00:00",-3.07572702200659
"2021-11-26 00:00:00",-3.4367413789945602
"2021-11-27 00:00:00",-2.52173583303968
"2021-11-28 00:00:00",-0.57297769788891
"2021-11-29 00:00:00",0.0234952231612
"2021-11-30 00:00:00",0.23282077317319
"2021-12-01 00:00:00",0.2919544855779
"2021-12-02 00:00:00",-1.27510339474208
"2021-12-03 00:00:00",0.56807103491109
"2021-12-04 00:00:00",0.96680648803226
"2021-12-05 00:00:00",1.2965169699671901
"2021-12-06 00:00:00",1.1785687274418402
"2021-12-07 00:00:00",2.17490765054073
"2021-12-08 00:00:00",2.11465422346954
"2021-12-09 00:00:00",0.44738440526733997
"2021-12-10 00:00:00",2.1787977220683
"2021-12-11 00:00:00",-0.3007866734647
"2021-12-12 00:00:00",-0.26007071427981
"2021-12-13 00:00:00",-1.01357466306887
"2021-12-14 00:00:00",-2.22703495813707
"2021-12-15 00:00:00",-3.1564673981822797
"2021-12-16 00:00:00",-2.3803686648523703
"2021-12-17 00:00:00",-2.91606949881834
"2021-12-18 00:00:00",-2.0088160805448196
"2021-12-19 00:00:00",-2.82714707863356
"2021-12-20 00:00:00",-2.00498725115614
"2021-12-21 00:00:00",-2.51655724337068
"2021-12-22 00:00:00",-4.18889717643985
"2021-12-23 00:00:00",-1.16534346313007
"2021-12-24 00:00:00",-2.3415221822468
"2021-12-25 00:00:00",-1.0591660111994399
"2021-12-26 00:00:00",-2.20933120204963
"2021-12-27 00:00:00",0.6647124940884499
"2021-12-28 00:00:00",-1.94256016572209
"2021-12-29 00:00:00",-2.48758487519211
"2021-12-30 00:00:00",-3.0851148226312097
"2021-12-31 00:00:00",-3.2015119780802395
"2022-01-01 00:00:00",-1.44948126286887
"2022-01-02 00:00:00",-3.4033073839526904
"2022-01-03 00:00:00",-3.83741145809382
"2022-01-04 00:00:00",-3.8395453380447897
"2022-01-05 00:00:00",-4.29446480482453
"2022-01-06 00:00:00",-4.60704037757804
"2022-01-07 00:00:00",-3.55683862627846
"2022-01-08 00:00:00",-0.18774919288374
"2022-01-09 00:00:00",-1.40728791233389
"2022-01-10 00:00:00",0.57274242708129
"2022-01-11 00:00:00",0.34933949950022
"2022-01-12 00:00:00",0.49010945685306
"2022-01-13 00:00:00",1.52872059589659
"2022-01-14 00:00:00",1.6349439360073301
"2022-01-15 00:00:00",-0.06413625893089
"2022-01-16 00:00:00",0.6881031209935601
"2022-01-17 00:00:00",-0.8036606872508799
"2022-01-18 00:00:00",1.79774676917889
"2022-01-19 00:00:00",1.47521869729203
"2022-01-20 00:00:00",1.29138338200973
"2022-01-21 00:00:00",2.1193320191055203
"2022-01-22 00:00:00",0.39778078202292005
"2022-01-23 00:00:00",0.03539976177959
"2022-01-24 00:00:00",-0.19569689841543
"2022-01-25 00:00:00",1.28767848950228
"2022-01-26 00:00:00",-0.80778737326364
"2022-01-27 00:00:00",0.8062849595677299
"2022-01-28 00:00:00",2.87026270311605
"2022-01-29 00:00:00",2.21996133349386
"2022-01-30 00:00:00",1.3937970710285301
"2022-01-31 00:00:00",0.66496682865482
"2022-02-01 00:00:00",0.6538541739031101
"2022-02-02 00:00:00",0.17347401129905
"2022-02-03 00:00:00",-1.09006814388457
"2022-02-04 00:00:00",-1.55674310112601
"2022-02-05 00:00:00",-1.83021672039793
"2022-02-06 00:00:00",-2.63926174417742
"2022-02-07 00:00:00",-2.6502022940411303
"2022-02-08 00:00:00",-1.07218084045105
"2022-02-09 00:00:00",-1.4188643464039399
"2022-02-10 00:00:00",-2.27100695043711
"2022-02-11 00:00:00",-1.8677931481504402
"2022-02-12 00:00:00",-2.62514955995875
"2022-02-13 00:00:00",-1.40038950575466
"2022-02-14 00:00:00",2.0073864731392
"2022-02-15 00:00:00",1.8928652982444598
"2022-02-16 00:00:00",2.28112882643785
"2022-02-17 00:00:00",1.2970013107777
"2022-02-18 00:00:00",-0.45128209789678
"2022-02-19 00:00:00",-3.62578243179395
"2022-02-20 00:00:00",-3.5973844987250203
"2022-02-21 00:00:00",-2.70362932661184
"2022-02-22 00:00:00",-3.91454629277651
"2022-02-23 00:00:00",-2.67594170970902
"2022-02-24 00:00:00",-1.89360898061842
"2022-02-25 00:00:00",-1.9322330775538799
"2022-02-26 00:00:00",-1.75241117637198
"2022-02-27 00:00:00",-2.29286260961215
"2022-02-28 00:00:00",-3.43446400066549
"2022-03-01 00:00:00",-1.25117037270651
"2022-03-02 00:00:00",-1.06548509158573
"2022-03-03 00:00:00",0.4142422060759
"2022-03-04 00:00:00",0.13531399031874
"2022-03-05 00:00:00",-0.11955862963906999
"2022-03-06 00:00:00",0.35924613342646
"2022-03-07 00:00:00",-0.7497233373816999
"2022-03-08 00:00:00",-1.99815090952393
"2022-03-09 00:00:00",-3.1644314832200005
"2022-03-10 00:00:00",-2.43844978272654
"2022-03-11 00:00:00",-3.49917996146151
"2022-03-12 00:00:00",-1.81339272039472
"2022-03-13 00:00:00",-2.12512314604366
"2022-03-14 00:00:00",-0.4198678502456
"2022-03-15 00:00:00",-1.9065858447836699
"2022-03-16 00:00:00",-6.067217760392389
"2022-03-17 00:00:00",-5.3324483943075
"2022-03-18 00:00:00",-6.597651599727381
"2022-03-19 00:00:00",-6.3465710928898496
"2022-03-20 00:00:00",-7.53158693255324
"2022-03-21 00:00:00",-4.86778242435282
"2022-03-22 00:00:00",-4.47619553345099
"2022-03-23 00:00:00",-4.36596809016502
"2022-03-24 00:00:00",-2.7038646307874297
"2022-03-25 00:00:00",-5.244000769155719
"2022-03-26 00:00:00",-7.15098016986894
"2022-03-27 00:00:00",-4.948900688965701
"2022-03-28 00:00:00",-3.81181799702412
"2022-03-29 00:00:00",-3.0443511090058597
"2022-03-30 00:00:00",-0.56071441836473
"2022-03-31 00:00:00",-2.5994312729116302
"2022-04-01 00:00:00",-1.47180423228814
"2022-04-02 00:00:00",-0.47391468194041
"2022-04-03 00:00:00",1.8807880896909799
"2022-04-04 00:00:00",1.9867127937318498
"2022-04-05 00:00:00",5.68447292010529
"2022-04-06 00:00:00",6.93461029461652
"2022-04-07 00:00:00",7.31151321370451
"2022-04-08 00:00:00",5.31797399018376
"2022-04-09 00:00:00",5.04016773343811
"2022-04-10 00:00:00",5.73384750358498
"2022-04-11 00:00:00",4.89062376553002
"2022-04-12 00:00:00",5.65290796830517
"2022-04-13 00:00:00",3.9597000285131303
"2022-04-14 00:00:00",2.47287063394181
"2022-04-15 00:00:00",4.66689590004785
"2022-04-16 00:00:00",2.7960798673724
"2022-04-17 00:00:00",3.89669172435198
"2022-04-18 00:00:00",4.00844932623065
"2022-04-19 00:00:00",5.54187728594961
"2022-04-20 00:00:00",3.54826838986752
"2022-04-21 00:00:00",2.17534398799994
"2022-04-22 00:00:00",2.0404225888547503
"2022-04-23 00:00:00",2.52753541273416
"2022-04-24 00:00:00",4.89217564242934
"2022-04-25 00:00:00",4.6459657419364895
"2022-04-26 00:00:00",2.95327467837724
"2022-04-27 00:00:00",3.3829755313218004
"2022-04-28 00:00:00",1.85459245581025
"2022-04-29 00:00:00",-2.0924820100762
"2022-04-30 00:00:00",-0.9715434384192201
"2022-05-01 00:00:00",-1.5611227929461
"2022-05-02 00:00:00",-4.67875459486746
"2022-05-03 00:00:00",-6.24122502834491
"2022-05-04 00:00:00",-4.33290682299648
"2022-05-05 00:00:00",-8.22577132427415
"2022-05-06 00:00:00",-8.46476611279707
"2022-05-07 00:00:00",-8.84268284307938
"2022-05-08 00:00:00",-6.89900557837274
"2022-05-09 00:00:00",-7.41024205750318
"2022-05-10 00:00:00",-7.5010354978218
"2022-05-11 00:00:00",-7.22087332951523
"2022-05-12 00:00:00",-8.04677724496203
"2022-05-13 00:00:00",-5.6832155664569495
"2022-05-14 00:00:00",-3.1541981428831396
"2022-05-15 00:00:00",-3.5017785701669304
"2022-05-16 00:00:00",-2.83803451943641
"2022-05-17 00:00:00",-2.8046617270236203
"2022-05-18 00:00:00",-2.62482186356
"2022-05-19 00:00:00",-3.27189870917888
"2022-05-20 00:00:00",-1.43074585191228
"2022-05-21 00:00:00",-0.23863800542181998
"2022-05-22 00:00:00",-0.03986253317136
"2022-05-23 00:00:00",-0.86838332707043
"2022-05-24 00:00:00",-1.34264293994963
"2022-05-25 00:00:00",-0.6674502055460799
"2022-05-26 00:00:00",-0.70884162054773
"2022-05-27 00:00:00",-1.67730662561866
"2022-05-28 00:00:00",-0.40355214114407
"2022-05-29 00:00:00",2.63590204834474
"2022-05-30 00:00:00",3.02287045631819
"2022-05-31 00:00:00",1.70402716945499
"2022-06-01 00:00:00",1.88546497521964
"2022-06-02 00:00:00",2.94393475114378
"2022-06-03 00:00:00",2.44997986184845
"2022-06-04 00:00:00",1.21334142297466
"2022-06-05 00:00:00",1.6529717853343802
"2022-06-06 00:00:00",2.78200686833571
"2022-06-07 00:00:00",2.70570617853986
"2022-06-08 00:00:00",0.86179805479225
"2022-06-09 00:00:00",1.33950834183247
"2022-06-10 00:00:00",0.48242336494237004
"2022-06-11 00:00:00",0.59637264353662
"2022-06-12 00:00:00",-2.04240298981303
"2022-06-13 00:00:00",-3.52624202508545
"2022-06-14 00:00:00",-3.7537891456183603
"2022-06-15 00:00:00",-2.12191800954173
"2022-06-16 00:00:00",-2.73720701683241
"2022-06-17 00:00:00",-3.52562404562734
"2022-06-18 00:00:00",-2.14945983718488
"2022-06-19 00:00:00",-2.96074541633084
"2022-06-20 00:00:00",-4.0372525472704
"2022-06-21 00:00:00",-4.40346834448701
"2022-06-22 00:00:00",-4.35466841931961
"2022-06-23 00:00:00",-3.9370028720475
"2022-06-24 00:00:00",-2.8870149098106
"2022-06-25 00:00:00",-3.5082658316035604
"2022-06-26 00:00:00",-3.28457476971695
"2022-06-27 00:00:00",-3.8652820322395303
"2022-06-28 00:00:00",-3.06867369057063
"2022-06-29 00:00:00",-4.94575757817584
"2022-06-30 00:00:00",-3.17127582235138
"2022-07-01 00:00:00",-3.3454745807254
"2022-07-02 00:00:00",-3.4628202903042
"2022-07-03 00:00:00",-4.20331314431239
"2022-07-04 00:00:00",-0.45737966590424
"2022-07-05 00:00:00",-1.89558261917269
"2022-07-06 00:00:00",-1.2429542449951698
"2022-07-07 00:00:00",-2.8817577077859697
"2022-07-08 00:00:00",-1.13545012233262
"2022-07-09 00:00:00",-0.83459885151476
"2022-07-10 00:00:00",-0.9390918453428401
"2022-07-11 00:00:00",-1.05961889257472
"2022-07-12 00:00:00",-0.18766579295487001
"2022-07-13 00:00:00",-0.31903751182862
"2022-07-14 00:00:00",-0.42208964143506994
"2022-07-15 00:00:00",-1.4624648649052199
"2022-07-16 00:00:00",-0.66922474200596
"2022-07-17 00:00:00",0.08225192510968
"2022-07-18 00:00:00",-0.04228380659415
"2022-07-19 00:00:00",0.29818189053287
"2022-07-20 00:00:00",-0.40903582954867
"2022-07-21 00:00:00",-0.55933285713756
"2022-07-22 00:00:00",-1.21026480938262
"2022-07-23 00:00:00",-3.1406670860111
"2022-07-24 00:00:00",-5.10849699906641
"2022-07-25 00:00:00",-4.92882595299547
"2022-07-26 00:00:00",-4.7153078790323
"2022-07-27 00:00:00",-2.9734553385045
"2022-07-28 00:00:00",-3.76031779230643
"2022-07-29 00:00:00",-3.8390275482690903
"2022-07-30 00:00:00",-5.04224885586916
"2022-07-31 00:00:00",-2.95019862509752
"2022-08-01 00:00:00",-2.00894240053488
"2022-08-02 00:00:00",-1.58429702293136
"2022-08-03 00:00:00",-4.06379160443186
"2022-08-04 00:00:00",-2.85740676612946
"2022-08-05 00:00:00",-3.7200242587292003
"2022-08-06 00:00:00",-3.74146826575939
"2022-08-07 00:00:00",-5.25019367267728
"2022-08-08 00:00:00",-6.2424919293941
"2022-08-09 00:00:00",-5.97251946542277
"2022-08-10 00:00:00",-5.52074802142019
"2022-08-11 00:00:00",-6.57660215232487
"2022-08-12 00:00:00",-4.415966729922681
"2022-08-13 00:00:00",-3.84164857379428
"2022-08-14 00:00:00",-4.51819336090869
"2022-08-15 00:00:00",-4.88007772618782
"2022-08-16 00:00:00",-6.13973727159986
"2022-08-17 00:00:00",-4.200758749136639
"2022-08-18 00:00:00",-3.18382397281956
"2022-08-19 00:00:00",-3.9928764220218205
"2022-08-20 00:00:00",-4.96629627140632
"2022-08-21 00:00:00",-2.34499215564071
"2022-08-22 00:00:00",-0.12413949679311
"2022-08-23 00:00:00",1.50369475320866
"2022-08-24 00:00:00",2.27523273362573
"2022-08-25 00:00:00",-0.82487274056287
"2022-08-26 00:00:00",-2.65174544728377
"2022-08-27 00:00:00",-3.21180958340457
"2022-08-28 00:00:00",-0.15322676542035002
"2022-08-29 00:00:00",0.55060450031658
"2022-08-30 00:00:00",-1.05155806420915
"2022-08-31 00:00:00",-2.18405244812722
"2022-09-01 00:00:00",-4.04333828499297
"2022-09-02 00:00:00",-2.08533595429163
"2022-09-03 00:00:00",-1.7174198794711
"2022-09-04 00:00:00",-2.44858229796199
"2022-09-05 00:00:00",-1.6570245389362799
"2022-09-06 00:00:00",-1.3462064062531098
"2022-09-07 00:00:00",0.38865570224728
"2022-09-08 00:00:00",-0.9693159730687
"2022-09-09 00:00:00",-1.47151456687409
"2022-09-10 00:00:00",-0.054174622941130006
"2022-09-11 00:00:00",-2.39874718800664
"2022-09-12 00:00:00",-0.9978552537072799
"2022-09-13 00:00:00",-1.02170489199148
"2022-09-14 00:00:00",0.37694821897373
"2022-09-15 00:00:00",0.89250502833178
"2022-09-16 00:00:00",-1.15001397319358
"2022-09-17 00:00:00",-2.26120921214731
"2022-09-18 00:00:00",0.9098402880054001
"2022-09-19 00:00:00",0.8385907070938401
"2022-09-20 00:00:00",-2.99229594916417
"2022-09-21 00:00:00",-4.90977457625586
"2022-09-22 00:00:00",-4.9852601973079596
"2022-09-23 00:00:00",-4.98161488053179
"2022-09-24 00:00:00",-2.98152017103516
"2022-09-25 00:00:00",-2.3583515005492597
"2022-09-26 00:00:00",-0.73385480468796
"2022-09-27 00:00:00",-2.55584653368284
"2022-09-28 00:00:00",-3.05317153988361
"2022-09-29 00:00:00",-3.9073912939996402
"2022-09-30 00:00:00",-2.85829266204757
"2022-10-01 00:00:00",-0.34930775141382003
"2022-10-02 00:00:00",-2.6793572134529797
"2022-10-03 00:00:00",-3.1840241654998698
"2022-10-04 00:00:00",-3.5150290665829
"2022-10-05 00:00:00",-3.57062156765193
"2022-10-06 00:00:00",-3.8262227663497503
"2022-10-07 00:00:00",-6.263565614589919
"2022-10-08 00:00:00",-3.1932539613316497
"2022-10-09 00:00:00",-2.38768346860256
"2022-10-10 00:00:00",-4.36807883471813
"2022-10-11 00:00:00",-3.3008614897264104
"2022-10-12 00:00:00",-5.61842218808418
"2022-10-13 00:00:00",-5.18021143837237
"2022-10-14 00:00:00",-6.72701524719867
"2022-10-15 00:00:00",-6.468440987716161
"2022-10-16 00:00:00",-7.28174879851722
"2022-10-17 00:00:00",-7.888080470253859
"2022-10-18 00:00:00",-9.05933218929256
"2022-10-19 00:00:00",-9.69347374836959
"2022-10-20 00:00:00",-8.19745966790364
"2022-10-21 00:00:00",-7.22853436935482
"2022-10-22 00:00:00",-6.62883977707491
"2022-10-23 00:00:00",-6.63995930771487
"2022-10-24 00:00:00",-6.23026955821691
"2022-10-25 00:00:00",-7.744374881038819
"2022-10-26 00:00:00",-10.56898425447372
"2022-10-27 00:00:00",-11.38913826983624
"2022-10-28 00:00:00",-10.55200681407405
"2022-10-29 00:00:00",-8.16887470761978
"2022-10-30 00:00:00",-7.65856253324571
"2022-10-31 00:00:00",-8.00820733833914
"2022-11-01 00:00:00",-7.04501447375399
"2022-11-02 00:00:00",-6.250714709450329
"2022-11-03 00:00:00",-4.23294912548293
"2022-11-04 00:00:00",-3.3374221904955896
"2022-11-05 00:00:00",-3.3793467944304303
"2022-11-06 00:00:00",-1.68226150722313
"2022-11-07 00:00:00",-3.54901096216333
"2022-11-08 00:00:00",-2.71765089734968
"2022-11-09 00:00:00",-2.34327269309353
"2022-11-10 00:00:00",-2.82178875007015
"2022-11-11 00:00:00",-2.94198206239187
"2022-11-12 00:00:00",-1.51863171770283
"2022-11-13 00:00:00",-1.50273834183419
"2022-11-14 00:00:00",-2.48870545621362
"2022-11-15 00:00:00",-2.3794575671575497
"2022-11-16 00:00:00",-1.9573727405720598
"2022-11-17 00:00:00",-3.60255534862334
"2022-11-18 00:00:00",-3.4995640720126704
"2022-11-19 00:00:00",-1.60242114046098
"2022-11-20 00:00:00",-2.49876639590038
"2022-11-21 00:00:00",-3.81971631176901
"2022-11-22 00:00:00",-5.28017379845535
"2022-11-23 00:00:00",-5.19092969504094
"2022-11-24 00:00:00",-6.11292680847673
"2022-11-25 00:00:00",-5.58730939487009
"2022-11-26 00:00:00",-6.09022160956508
"2022-11-27 00:00:00",-4.91088135401861
"2022-11-28 00:00:00",-4.84859074342638
"2022-11-29 00:00:00",-5.51888154283838
"2022-11-30 00:00:00",-8.89947258931646
"2022-12-01 00:00:00",-7.81844083001289
"2022-12-02 00:00:00",-8.62527832362621
"2022-12-03 00:00:00",-11.50254555489401
"2022-12-04 00:00:00",-11.01648295366762
"2022-12-05 00:00:00",-9.460650022851109
"2022-12-06 00:00:00",-10.07495968932598
"2022-12-07 00:00:00",-10.488344749992159
"2022-12-08 00:00:00",-11.57871120977682
"2022-12-09 00:00:00",-11.72440900301554
"2022-12-10 00:00:00",-10.56965224711051
"2022-12-11 00:00:00",-10.1738170389689
"2022-12-12 00:00:00",-11.47776400392671
"2022-12-13 00:00:00",-12.37812688019792
"2022-12-14 00:00:00",-11.55492202221077
"2022-12-15 00:00:00",-11.891655580007091
"2022-12-16 00:00:00",-10.36766064938304
"2022-12-17 00:00:00",-8.84345474714284
"2022-12-18 00:00:00",-6.854475937319419
"2022-12-19 00:00:00",-7.59625133052421
"2022-12-20 00:00:00",-6.7294550675378595
"2022-12-21 00:00:00",-7.11813709897641
"2022-12-22 00:00:00",-7.542774871221241
"2022-12-23 00:00:00",-8.922778246792811
"2022-12-24 00:00:00",-7.4196877333883196
"2022-12-25 00:00:00",-7.8828792164870904
"2022-12-26 00:00:00",-5.20131842772406
"2022-12-27 00:00:00",-7.8320285230893
"2022-12-28 00:00:00",-8.71093041676861
"2022-12-29 00:00:00",-9.619817232173219
"2022-12-30 00:00:00",-5.47107444225726
"2022-12-31 00:00:00",-6.800292791372329
"2023-01-01 00:00:00",-6.91844810884675
"2023-01-02 00:00:00",-4.50228677722965
"2023-01-03 00:00:00",-6.14584771735539
"2023-01-04 00:00:00",-7.14091873261201
"2023-01-05 00:00:00",-6.05641645163775
"2023-01-06 00:00:00",-5.81464400836954
"2023-01-07 00:00:00",-7.2092922972651605
"2023-01-08 00:00:00",-5.65159947962999
"2023-01-09 00:00:00",-5.98662704864286
"2023-01-10 00:00:00",-5.93382233668348
"2023-01-11 00:00:00",-6.14122549384603
"2023-01-12 00:00:00",-6.6894050417696995
"2023-01-13 00:00:00",-6.44210696929642
"2023-01-14 00:00:00",-4.59960965039264
"2023-01-15 00:00:00",-6.8978371265122105
"2023-01-16 00:00:00",-7.338191100861049
"2023-01-17 00:00:00",-8.64269529822514
"2023-01-18 00:00:00",-9.45513425239561
"2023-01-19 00:00:00",-11.301158519644499
"2023-01-20 00:00:00",-12.03788013725086
"2023-01-21 00:00:00",-11.64027986914388
"2023-01-22 00:00:00",-10.10121166285833
"2023-01-23 00:00:00",-9.388907346937039
"2023-01-24 00:00:00",-8.08698275345461
"2023-01-25 00:00:00",-10.19585189489516
"2023-01-26 00:00:00",-9.62049442429566
"2023-01-27 00:00:00",-10.8094820970468
"2023-01-28 00:00:00",-11.629892334705511
"2023-01-29 00:00:00",-12.66241229623099
"2023-01-30 00:00:00",-10.87897954237717
"2023-01-31 00:00:00",-9.42676630384715
"2023-02-01 00:00:00",-9.750564967117201
"2023-02-02 00:00:00",-9.33846724745066
"2023-02-03 00:00:00",-8.824761854613051
"2023-02-04 00:00:00",-9.55012491250107
"2023-02-05 00:00:00",-8.7786846611195
"2023-02-06 00:00:00",-8.24177222907798
"2023-02-07 00:00:00",-8.27561229623314
"2023-02-08 00:00:00",-10.611775514331551
"2023-02-09 00:00:00",-11.17001034554802
"2023-02-10 00:00:00",-11.6336253659296
"2023-02-11 00:00:00",-9.63222530768452
"2023-02-12 00:00:00",-8.50841041557959
"2023-02-13 00:00:00",-9.43484904238757
"2023-02-14 00:00:00",-9.99780766889832
"2023-02-15 00:00:00",-9.06364550316825
"2023-02-16 00:00:00",-9.23566553142309
"2023-02-17 00:00:00",-9.02275835143929
"2023-02-18 00:00:00",-8.09531054666733
"2023-02-19 00:00:00",-4.100426472265751
"2023-02-20 00:00:00",-3.39973551468431
"2023-02-21 00:00:00",-2.25109868215899
"2023-02-22 00:00:00",-2.49429241487811
"2023-02-23 00:00:00",-3.18319817517652
"2023-02-24 00:00:00",-4.22296174276614
"2023-02-25 00:00:00",-4.93193657659253
"2023-02-26 00:00:00",-4.3773784353424094
"2023-02-27 00:00:00",-2.84882308410258
"2023-02-28 00:00:00",-2.18624064482996
"2023-03-01 00:00:00",-5.46968541272639
"2023-03-02 00:00:00",-6.48988547835742
"2023-03-03 00:00:00",-8.39916934245991
"2023-03-04 00:00:00",-8.40006462723472
"2023-03-05 00:00:00",-7.440023700411399
"2023-03-06 00:00:00",-8.49087506977821
"2023-03-07 00:00:00",-8.87802231139283
"2023-03-08 00:00:00",-6.856600664872491
"2023-03-09 00:00:00",-7.78524921262824
"2023-03-10 00:00:00",-6.50097602886418
"2023-03-11 00:00:00",-5.76691113927164
"2023-03-12 00:00:00",-5.54761935750323
"2023-03-13 00:00:00",-6.28610457498778
"2023-03-14 00:00:00",-8.09494847478521
"2023-03-15 00:00:00",-7.969749016760019
"2023-03-16 00:00:00",-5.8514946542863395
"2023-03-17 00:00:00",-6.01034653557216
"2023-03-18 00:00:00",-4.56451626104091
"2023-03-19 00:00:00",-4.5938244513807
"2023-03-20 00:00:00",-3.8866251151007
"2023-03-21 00:00:00",-5.4929469053800295
"2023-03-22 00:00:00",-6.2396693847057305
"2023-03-23 00:00:00",-8.57773813701464
"2023-03-24 00:00:00",-7.36604551718592
"2023-03-25 00:00:00",-5.87675847345168
"2023-03-26 00:00:00",-4.66608319568194
"2023-03-27 00:00:00",-4.65702962401293
"2023-03-28 00:00:00",-4.3350086586281105
"2023-03-29 00:00:00",-5.28790466243348
"2023-03-30 00:00:00",-6.90692753714459
"2023-03-31 00:00:00",-4.44131905761395
"2023-04-01 00:00:00",-4.52149238499688
"2023-04-02 00:00:00",-2.90735305038103
"2023-04-03 00:00:00",-4.09181842596814
"2023-04-04 00:00:00",-2.94606445273778
"2023-04-05 00:00:00",-4.35293116068329
"2023-04-06 00:00:00",-4.43972493065243
"2023-04-07 00:00:00",-4.07108853783886
"2023-04-08 00:00:00",-3.02749072106256
"2023-04-09 00:00:00",-3.1773940730936703
"2023-04-10 00:00:00",-2.75100467806717
"2023-04-11 00:00:00",-1.44782258812306
"2023-04-12 00:00:00",-0.57220011279364
"2023-04-13 00:00:00",0.59723684543862
"2023-04-14 00:00:00",1.0280768327762801
"2023-04-15 00:00:00",0.04084856646782
"2023-04-16 00:00:00",0.0070641909045265905
"2023-04-17 00:00:00",-0.01905520419765
"2023-04-18 00:00:00",0.53407271772802
"2023-04-19 00:00:00",-0.38216802935482996
"2023-04-20 00:00:00",0.03182904595955
"2023-04-21 00:00:00",3.1993298823245397
"2023-04-22 00:00:00",1.7834678627365301
"2023-04-23 00:00:00",-1.0195820600132501
"2023-04-24 00:00:00",-2.68554593479162
"2023-04-25 00:00:00",-3.12948779384669
"2023-04-26 00:00:00",-2.52255151257703
"2023-04-27 00:00:00",-4.06670242776712
"2023-04-28 00:00:00",-2.94588606447213
"2023-04-29 00:00:00",-0.8999729998685501
"2023-04-30 00:00:00",-1.52676431359723
"2023-05-01 00:00:00",-1.42768125226527
"2023-05-02 00:00:00",-0.0286782490835
"2023-05-03 00:00:00",2.8565848524197
"2023-05-04 00:00:00",-0.24553715576642
"2023-05-05 00:00:00",2.89045454089893
"2023-05-06 00:00:00",1.5201276444012999
"2023-05-07 00:00:00",0.7009547869705199
"2023-05-08 00:00:00",0.42971772065731
"2023-05-09 00:00:00",1.40916506045298
"2023-05-10 00:00:00",0.45134239554867
"2023-05-11 00:00:00",-0.45747115622403994
"2023-05-12 00:00:00",-1.3569043352930001
"2023-05-13 00:00:00",-2.9505238855551603
"2023-05-14 00:00:00",-2.98267055460941
"2023-05-15 00:00:00",-1.91090229450398
"2023-05-16 00:00:00",-3.1753970949569
"2023-05-17 00:00:00",-1.51467067708589
"2023-05-18 00:00:00",-2.45593161015886
"2023-05-19 00:00:00",-2.9740574323106
"2023-05-20 00:00:00",-4.81385581740316
"2023-05-21 00:00:00",-5.801572652849081
"2023-05-22 00:00:00",-4.80229348037437
"2023-05-23 00:00:00",-3.0156612061072603
"2023-05-24 00:00:00",-1.48857057672912
"2023-05-25 00:00:00",-0.6001669634915701
"2023-05-26 00:00:00",-0.82799897853605
"2023-05-27 00:00:00",0.78493249152824
"2023-05-28 00:00:00",-0.13671640285481
"2023-05-29 00:00:00",-3.11061818802588
"2023-05-30 00:00:00",-3.7146210072407397
"2023-05-31 00:00:00",-2.76146359334231
"2023-06-01 00:00:00",-3.1350260727192
"2023-06-02 00:00:00",-5.56399441544074
"2023-06-03 00:00:00",-5.38390395525897
"2023-06-04 00:00:00",-3.20937168438563
"2023-06-05 00:00:00",-3.3028949874075204
"2023-06-06 00:00:00",-3.4673625602163796
"2023-06-07 00:00:00",-3.07450234956293
"2023-06-08 00:00:00",-2.34561844116271
"2023-06-09 00:00:00",-1.1956845115872399
"2023-06-10 00:00:00",-1.3098368083932599
"2023-06-11 00:00:00",-0.67835741345186
"2023-06-12 00:00:00",0.44302047936899003
"2023-06-13 00:00:00",1.03711277983005
"2023-06-14 00:00:00",-0.25118511772887997
"2023-06-15 00:00:00",0.37352832798560004
"2023-06-16 00:00:00",-1.8662766172048402
"2023-06-17 00:00:00",-1.1329642050673498
"2023-06-18 00:00:00",0.30596872198913
"2023-06-19 00:00:00",2.23238850434965
"2023-06-20 00:00:00",-0.27019063598431003
"2023-06-21 00:00:00",0.47753793862649996
"2023-06-22 00:00:00",1.35278949353365
"2023-06-23 00:00:00",-0.339831198624
"2023-06-24 00:00:00",0.03878199134477
"2023-06-25 00:00:00",1.0864513867813599
"2023-06-26 00:00:00",0.8136077900403301
"2023-06-27 00:00:00",0.5523387824865
"2023-06-28 00:00:00",2.34302897465652
"2023-06-29 00:00:00",2.64929092072097
"2023-06-30 00:00:00",0.7947092080740001
"2023-07-01 00:00:00",0.5926691533610899
"2023-07-02 00:00:00",0.74556475678879
"2023-07-03 00:00:00",0.81963434773664
"2023-07-04 00:00:00",-2.16853113426075
"2023-07-05 00:00:00",-0.81214467006238
"2023-07-06 00:00:00",-2.50009767553276
"2023-07-07 00:00:00",-2.64223296743033
"2023-07-08 00:00:00",-3.9754570027693696
"2023-07-09 00:00:00",-4.89963000345624
"2023-07-10 00:00:00",-2.57201903625008
"2023-07-11 00:00:00",-2.28770846623986
"2023-07-12 00:00:00",-3.89986935402629
"2023-07-13 00:00:00",-5.39202456478983
"2023-07-14 00:00:00",-4.71868327811538
"2023-07-15 00:00:00",-3.65479803795462
"2023-07-16 00:00:00",-2.40829998988574
"2023-07-17 00:00:00",-3.10852991117972
"2023-07-18 00:00:00",-2.00667940912264
"2023-07-19 00:00:00",-3.24106618982426
"2023-07-20 00:00:00",-1.65609500826386
"2023-07-21 00:00:00",-2.14752908912011
"2023-07-22 00:00:00",-2.34311168783216
"2023-07-23 00:00:00",-0.81003884547008
"2023-07-24 00:00:00",-0.35660143067628
"2023-07-25 00:00:00",1.11481585938586
"2023-07-26 00:00:00",1.24192613849882
"2023-07-27 00:00:00",-1.9773530682418698
"2023-07-28 00:00:00",-2.80315312217742
"2023-07-29 00:00:00",-0.93931314555769
"2023-07-30 00:00:00",-0.44378850042799
"2023-07-31 00:00:00",-0.62493610347068
"2023-08-01 00:00:00",-0.71912082263835
"2023-08-02 00:00:00",-0.03659877234911
"2023-08-03 00:00:00",1.4177214792778998
"2023-08-04 00:00:00",-0.30453593236081
"2023-08-05 00:00:00",0.7500199408825
"2023-08-06 00:00:00",0.30569048238957
"2023-08-07 00:00:00",1.43200392357281
"2023-08-08 00:00:00",2.08087771389549
"2023-08-09 00:00:00",0.34935302356366
"2023-08-10 00:00:00",0.70232356580905
"2023-08-11 00:00:00",3.7377353413420704
"2023-08-12 00:00:00",3.6011731000388405
"2023-08-13 00:00:00",4.60125292189244
"2023-08-14 00:00:00",2.86542172909292
"2023-08-15 00:00:00",2.5442130991309897
"2023-08-16 00:00:00",3.7279414775286104
"2023-08-17 00:00:00",0.03550912311651
"2023-08-18 00:00:00",-1.55408576381576
"2023-08-19 00:00:00",-1.33807260796596
"2023-08-20 00:00:00",0.8376355184656501
"2023-08-21 00:00:00",-2.58007871994858
"2023-08-22 00:00:00",-3.80085826798126
"2023-08-23 00:00:00",-3.7344316549203302
"2023-08-24 00:00:00",-4.91739986909252
"2023-08-25 00:00:00",-4.79266601573165
"2023-08-26 00:00:00",-2.06957908077356
"2023-08-27 00:00:00",-1.9773320952488098
"2023-08-28 00:00:00",-2.79733991174392
"2023-08-29 00:00:00",-3.2253293944721295
"2023-08-30 00:00:00",-2.43630124459919
"2023-08-31 00:00:00",-2.07726244780152
"2023-09-01 00:00:00",-1.48318378098715
"2023-09-02 00:00:00",-3.1760786217279096
"2023-09-03 00:00:00",-1.3789105439006502
"2023-09-04 00:00:00",-0.61685118904832
"2023-09-05 00:00:00",-0.5708021149731201
"2023-09-06 00:00:00",-0.71608123957819
"2023-09-07 00:00:00",-2.11681788110008
"2023-09-08 00:00:00",-1.98411797003754
"2023-09-09 00:00:00",-2.25982907524319
"2023-09-10 00:00:00",-2.2867832536645203
"2023-09-11 00:00:00",-0.7340689535866499
"2023-09-12 00:00:00",-2.2637470914652997
"2023-09-13 00:00:00",-2.1892018276857597
"2023-09-14 00:00:00",-3.04905148990966
"2023-09-15 00:00:00",-4.83550832898032
"2023-09-16 00:00:00",-3.46325903899391
"2023-09-17 00:00:00",-0.22068251921634002
"2023-09-18 00:00:00",-2.36121056257494
"2023-09-19 00:00:00",-3.88558837048285
"2023-09-20 00:00:00",-1.9537778821463399
"2023-09-21 00:00:00",-0.7235600822012
"2023-09-22 00:00:00",-1.42188882158047
"2023-09-23 00:00:00",-1.68143905290285
"2023-09-24 00:00:00",-2.47727879770111
"2023-09-25 00:00:00",-2.71455391210307
"2023-09-26 00:00:00",-2.4914338209763
"2023-09-27 00:00:00",-2.81778586045652
"2023-09-28 00:00:00",-1.81294162748756
"2023-09-29 00:00:00",-2.18038200657814
"2023-09-30 00:00:00",-3.73750826246632
"2023-10-01 00:00:00",-5.03926201119523
"2023-10-02 00:00:00",-1.71593127762837
"2023-10-03 00:00:00",-1.3987686770767
"2023-10-04 00:00:00",-2.48046260162021
"2023-10-05 00:00:00",-1.07362313594432
"2023-10-06 00:00:00",-2.65472662308404
"2023-10-07 00:00:00",-2.70943258622297
"2023-10-08 00:00:00",-2.72364660292634
"2023-10-09 00:00:00",-3.3058057971499704
"2023-10-10 00:00:00",-4.00362578717308
"2023-10-11 00:00:00",-4.4214320557919695
"2023-10-12 00:00:00",-2.7881541793683797
"2023-10-13 00:00:00",-2.50780797325071
"2023-10-14 00:00:00",-1.3303902330950401
"2023-10-15 00:00:00",0.5125510803148
"2023-10-16 00:00:00",2.41781949625778
"2023-10-17 00:00:00",1.7375289764981199
"2023-10-18 00:00:00",3.15177202673453
"2023-10-19 00:00:00",1.7775677925102502
"2023-10-20 00:00:00",2.09361080961887
"2023-10-21 00:00:00",3.16904554099977
"2023-10-22 00:00:00",1.6446382193260298
"2023-10-23 00:00:00",1.7784619041585101
"2023-10-24 00:00:00",3.30119428069646
"2023-10-25 00:00:00",4.45284712694133
"2023-10-26 00:00:00",7.05583692638458
"2023-10-27 00:00:00",6.472599944207159
"2023-10-28 00:00:00",6.04131247898704
"2023-10-29 00:00:00",4.59852054167544
"2023-10-30 00:00:00",4.7701765133461205
"2023-10-31 00:00:00",4.400808495295331
"2023-11-01 00:00:00",1.56403383769243
"2023-11-02 00:00:00",-0.35371161019865
"2023-11-03 00:00:00",-1.54040003010398
"2023-11-04 00:00:00",-4.85710894844299
"2023-11-05 00:00:00",-4.1041076148253195
"2023-11-06 00:00:00",-2.50085231406828
"2023-11-07 00:00:00",-1.85452056026288
"2023-11-08 00:00:00",-2.31184184967199
"2023-11-09 00:00:00",-0.41394522801647
"2023-11-10 00:00:00",-0.14689906939122999
"2023-11-11 00:00:00",-2.76301486728022
"2023-11-12 00:00:00",-3.32456617117795
"2023-11-13 00:00:00",-3.26005273871192
"2023-11-14 00:00:00",-2.55911479063182
"2023-11-15 00:00:00",-3.62374257465553
"2023-11-16 00:00:00",-3.1483725683618498
"2023-11-17 00:00:00",-2.21454069144142
"2023-11-18 00:00:00",0.56346606376598
"2023-11-19 00:00:00",0.33733375523945003
"2023-11-20 00:00:00",0.50098898747545
"2023-11-21 00:00:00",2.14859345073274
"2023-11-22 00:00:00",1.46136344491834
"2023-11-23 00:00:00",0.6242574501048801
"2023-11-24 00:00:00",0.8750443360560001
"2023-11-25 00:00:00",-2.0308926203025104
"2023-11-26 00:00:00",0.67056929828557
"2023-11-27 00:00:00",1.7995350680305
"2023-11-28 00:00:00",1.14142491661899
"2023-11-29 00:00:00",1.25794648976234
"2023-11-30 00:00:00",3.06406687778979
"2023-12-01 00:00:00",2.72155801310911
"2023-12-02 00:00:00",4.14740448800692
"2023-12-03 00:00:00",5.9424107889046205
"2023-12-04 00:00:00",7.103398520473279
"2023-12-05 00:00:00",6.42671492391613
"2023-12-06 00:00:00",5.64972549135394
"2023-12-07 00:00:00",5.52964948350012
"2023-12-08 00:00:00",7.3983957200376596
"2023-12-09 00:00:00",6.14282592207557
"2023-12-10 00:00:00",5.6518386457584
"2023-12-11 00:00:00",6.74065300808188
"2023-12-12 00:00:00",7.876050871107521
"2023-12-13 00:00:00",8.63927959742079
"2023-12-14 00:00:00",8.02582470778772
"2023-12-15 00:00:00",9.02176585828036
"2023-12-16 00:00:00",4.69036036030285
"2023-12-17 00:00:00",5.52100656220664
"2023-12-18 00:00:00",4.00771669775086
"2023-12-19 00:00:00",4.00618158620709
"2023-12-20 00:00:00",1.57395834764491
"2023-12-21 00:00:00",1.56402466189695
"2023-12-22 00:00:00",2.25356684231698
"2023-12-23 00:00:00",2.4950331012112597
"2023-12-24 00:00:00",2.06824716137123
"2023-12-25 00:00:00",3.64484155703128
"2023-12-26 00:00:00",0.41776492296481005
"2023-12-27 00:00:00",1.01921340621617
"2023-12-28 00:00:00",1.29693813635838
"2023-12-29 00:00:00",2.62535451067522
"2023-12-30 00:00:00",0.13233057506008
"2023-12-31 00:00:00",0.48853945360849
"2024-01-01 00:00:00",0.6411968245899999
"2024-01-02 00:00:00",-0.48675925812468
"2024-01-03 00:00:00",2.29679107105751
"2024-01-04 00:00:00",3.6046018968158102
"2024-01-05 00:00:00",1.8907979798591799
"2024-01-06 00:00:00",0.92881814880676
"2024-01-07 00:00:00",-0.94489877183402
"2024-01-08 00:00:00",-4.29632031745237
"2024-01-09 00:00:00",-3.6874779484699602
"2024-01-10 00:00:00",-2.1813210290220897
"2024-01-11 00:00:00",-2.4343202399557
"2024-01-12 00:00:00",-3.42187513583437
"2024-01-13 00:00:00",-3.98552989265784
"2024-01-14 00:00:00",-4.4954461189997
"2024-01-15 00:00:00",-2.4116988383468
"2024-01-16 00:00:00",-2.2087011236829603
"2024-01-17 00:00:00",-1.79061285982631
"2024-01-18 00:00:00",-0.93647827948034
"2024-01-19 00:00:00",-0.007611374790750247
"2024-01-20 00:00:00",0.72322474991719
"2024-01-21 00:00:00",0.67691401856022
"2024-01-22 00:00:00",-0.13452445921606002
"2024-01-23 00:00:00",-1.61495030600828
"2024-01-24 00:00:00",-1.4305899237717299
"2024-01-25 00:00:00",1.74445005501324
"2024-01-26 00:00:00",0.32081451413401
"2024-01-27 00:00:00",1.04688811925177
"2024-01-28 00:00:00",1.27192233363122
"2024-01-29 00:00:00",3.60565359979427
"2024-01-30 00:00:00",4.09989713052323
"2024-01-31 00:00:00",2.97464300742624
"2024-02-01 00:00:00",3.97522349342558
"2024-02-02 00:00:00",2.8345509433553397
"2024-02-03 00:00:00",2.91908262721443
"2024-02-04 00:00:00",5.43503107459191
"2024-02-05 00:00:00",3.64278968613962
"2024-02-06 00:00:00",3.9220543325633397
"2024-02-07 00:00:00",6.81895759041182
"2024-02-08 00:00:00",8.747166121564561
"2024-02-09 00:00:00",8.72713223831818
"2024-02-10 00:00:00",10.96740292451892
"2024-02-11 00:00:00",9.4290277593221
"2024-02-12 00:00:00",8.04249677946511
"2024-02-13 00:00:00",7.25550689781389
"2024-02-14 00:00:00",6.28637233855722
"2024-02-15 00:00:00",5.1874539652464
"2024-02-16 00:00:00",6.5928581692918
"2024-02-17 00:00:00",6.03394768657097
"2024-02-18 00:00:00",6.33960153080268
"2024-02-19 00:00:00",5.09085914748941
"2024-02-20 00:00:00",5.36237053076433
"2024-02-21 00:00:00",4.35615654567294
"2024-02-22 00:00:00",6.457672087081071
"2024-02-23 00:00:00",5.45799122218977
"2024-02-24 00:00:00",4.2552999845133
"2024-02-25 00:00:00",4.96978510612953
"2024-02-26 00:00:00",5.67568993839795
"2024-02-27 00:00:00",4.4536802241750895
"2024-02-28 00:00:00",3.1037291889969
"2024-02-29 00:00:00",3.1037291889969
"2024-03-01 00:00:00",4.2106889358002695
"2024-03-02 00:00:00",5.12235565705796
"2024-03-03 00:00:00",5.40296485793254
"2024-03-04 00:00:00",5.354155860914981
"2024-03-05 00:00:00",4.5546892860304
"2024-03-06 00:00:00",6.3435387029551205
"2024-03-07 00:00:00",10.17163357208532
"2024-03-08 00:00:00",9.7688210854806
"2024-03-09 00:00:00",9.34543297436087
"2024-03-10 00:00:00",5.51896126619404
"2024-03-11 00:00:00",5.27344862262064
"2024-03-12 00:00:00",3.2867146052242004
"2024-03-13 00:00:00",4.56986970219002
"2024-03-14 00:00:00",6.881809713304491
"2024-03-15 00:00:00",9.40141071314493
"2024-03-16 00:00:00",9.954529811518539
"2024-03-17 00:00:00",8.43193227144358
"2024-03-18 00:00:00",7.0185321372929295
"2024-03-19 00:00:00",6.6785917057559905
"2024-03-20 00:00:00",5.74951401156578
"2024-03-21 00:00:00",5.13485079981794
"2024-03-22 00:00:00",6.887231220541171
"2024-03-23 00:00:00",9.73427671613915
"2024-03-24 00:00:00",6.8976672183983
"2024-03-25 00:00:00",6.5738578543032595
"2024-03-26 00:00:00",7.57354463441641
"2024-03-27 00:00:00",4.96188864271822
"2024-03-28 00:00:00",4.75578358711314
"2024-03-29 00:00:00",5.6295243373871
"2024-03-30 00:00:00",5.88452482816759
"2024-03-31 00:00:00",4.06414367544103
"2024-04-01 00:00:00",4.0326034421858505
"2024-04-02 00:00:00",2.12305108134784
"2024-04-03 00:00:00",4.64116949509949
"2024-04-04 00:00:00",4.43342522917569
"2024-04-05 00:00:00",2.27553195451173
"2024-04-06 00:00:00",0.64279785485705
"2024-04-07 00:00:00",0.9763494383699899
"2024-04-08 00:00:00",1.78043451151623
"2024-04-09 00:00:00",4.52510237040042
"2024-04-10 00:00:00",3.3436829938486805
"2024-04-11 00:00:00",2.5564911288697
"2024-04-12 00:00:00",2.34980337319599
"2024-04-13 00:00:00",1.45883187507758
"2024-04-14 00:00:00",0.15475992759135
"2024-04-15 00:00:00",-0.17205173902141999
"2024-04-16 00:00:00",0.7074634867469201
"2024-04-17 00:00:00",0.49197111105940006
"2024-04-18 00:00:00",1.10110749571279
"2024-04-19 00:00:00",1.4775853641260699
"2024-04-20 00:00:00",1.37329234027667
"2024-04-21 00:00:00",-1.6278073832788498
"2024-04-22 00:00:00",-1.78705558850557
"2024-04-23 00:00:00",2.48951456904553
"2024-04-24 00:00:00",3.98707610205835
"2024-04-25 00:00:00",1.7284064500856198
"2024-04-26 00:00:00",2.85190214355379
"2024-04-27 00:00:00",2.99284507377961
"2024-04-28 00:00:00",1.60772486598648
"2024-04-29 00:00:00",4.4862089471368005
"2024-04-30 00:00:00",5.28127388339783
"2024-05-01 00:00:00",4.8915089169462
"2024-05-02 00:00:00",5.78954292722391
"2024-05-03 00:00:00",0.89310293075481
"2024-05-04 00:00:00",2.38074950681508
"2024-05-05 00:00:00",1.14957897373242
"2024-05-06 00:00:00",2.30313020765728
"2024-05-07 00:00:00",2.46073854758246
"2024-05-08 00:00:00",1.45791838709914
"2024-05-09 00:00:00",0.51178295257923
"2024-05-10 00:00:00",1.24231214236316
"2024-05-11 00:00:00",1.8218057456494001
"2024-05-12 00:00:00",2.17764068586463
"2024-05-13 00:00:00",1.4178513608134
"2024-05-14 00:00:00",1.36434224679891
"2024-05-15 00:00:00",1.76344741292762
"2024-05-16 00:00:00",1.12458659374226
"2024-05-17 00:00:00",0.58301241686566
"2024-05-18 00:00:00",-0.71451021494561
"2024-05-19 00:00:00",-0.71782726233787
"2024-05-20 00:00:00",1.45341099321014
"2024-05-21 00:00:00",2.74249835485071
"2024-05-22 00:00:00",3.32382558502657
"2024-05-23 00:00:00",2.23987950123623
"2024-05-24 00:00:00",1.14813695331101
"2024-05-25 00:00:00",2.65794656543929
"2024-05-26 00:00:00",4.00720882774481
"2024-05-27 00:00:00",4.48656572568353
"2024-05-28 00:00:00",6.375176225858479
"2024-05-29 00:00:00",4.87003986014946
"2024-05-30 00:00:00",3.5061936553460704
"2024-05-31 00:00:00",3.5361097393102003
"2024-06-01 00:00:00",3.19331631300738
"2024-06-02 00:00:00",4.9987068438293
"2024-06-03 00:00:00",5.26717316446174
"2024-06-04 00:00:00",5.57847584169004
"2024-06-05 00:00:00",6.4308148527313795
"2024-06-06 00:00:00",4.55386993266855
"2024-06-07 00:00:00",4.15758346469048
"2024-06-08 00:00:00",2.5157171780870202
"2024-06-09 00:00:00",1.95294604460076
"2024-06-10 00:00:00",2.73720030700652
"2024-06-11 00:00:00",3.53883860557253
"2024-06-12 00:00:00",3.26633291857256
"2024-06-13 00:00:00",1.78270342779842
"2024-06-14 00:00:00",2.69123272918974
"2024-06-15 00:00:00",3.9109379325062497
"2024-06-16 00:00:00",4.95708056513763
"2024-06-17 00:00:00",5.22182375871858
"2024-06-18 00:00:00",5.39638074108095
"2024-06-19 00:00:00",4.6586716753995905
"2024-06-20 00:00:00",6.459734544229979
"2024-06-21 00:00:00",5.08217663519725
"2024-06-22 00:00:00",1.5479236840834
"2024-06-23 00:00:00",2.35393617570041
"2024-06-24 00:00:00",2.05284565753478
"2024-06-25 00:00:00",1.9561750556041198
"2024-06-26 00:00:00",0.9294343142332601
"2024-06-27 00:00:00",0.48830714051233
"2024-06-28 00:00:00",0.01531866100947
"2024-06-29 00:00:00",0.81388997442695
"2024-06-30 00:00:00",3.5017991859221698
"2024-07-01 00:00:00",4.525012672106691
"2024-07-02 00:00:00",4.37583327174431
"2024-07-03 00:00:00",3.2449870752643704
"2024-07-04 00:00:00",2.93302479455188
"2024-07-05 00:00:00",1.27096583777113
"2024-07-06 00:00:00",3.71724670514568
"2024-07-07 00:00:00",3.5633022289055702
"2024-07-08 00:00:00",5.18902154285705
"2024-07-09 00:00:00",6.39041634322306
"2024-07-10 00:00:00",4.62122133371174
"2024-07-11 00:00:00",1.61253925909885
"2024-07-12 00:00:00",4.50000730506903
"2024-07-13 00:00:00",6.1438183862011195
"2024-07-14 00:00:00",5.25298670483134
"2024-07-15 00:00:00",5.57773108271781
"2024-07-16 00:00:00",4.70665300510857
"2024-07-17 00:00:00",6.47663329635461
"2024-07-18 00:00:00",5.4875442704037605
"2024-07-19 00:00:00",4.62641408749795
"2024-07-20 00:00:00",1.89346918695938
"2024-07-21 00:00:00",3.5238771252549
"2024-07-22 00:00:00",6.10581073944114
"2024-07-23 00:00:00",5.46390298639567
"2024-07-24 00:00:00",5.50178325290751
"2024-07-25 00:00:00",4.0680765524025695
"2024-07-26 00:00:00",4.5590188810638
"2024-07-27 00:00:00",5.97012009029767
"2024-07-28 00:00:00",7.08994681266195
"2024-07-29 00:00:00",5.26968029168415
"2024-07-30 00:00:00",5.0340993474278
"2024-07-31 00:00:00",3.9806911286306796
"2024-08-01 00:00:00",3.8033897257780698
"2024-08-02 00:00:00",2.75295106435591
"2024-08-03 00:00:00",3.05134985406283
"2024-08-04 00:00:00",3.7121210793249695
"2024-08-05 00:00:00",3.81675888029202
"2024-08-06 00:00:00",5.93510926028102
"2024-08-07 00:00:00",7.274142120661881
"2024-08-08 00:00:00",5.9577919987267
"2024-08-09 00:00:00",6.05288549466134
"2024-08-10 00:00:00",7.17454450736512
"2024-08-11 00:00:00",5.13804557115353
"2024-08-12 00:00:00",4.98581586454485
"2024-08-13 00:00:00",4.53936737591804
"2024-08-14 00:00:00",5.37966186630556
"2024-08-15 00:00:00",4.259171549620381
"2024-08-16 00:00:00",2.9203101156569398
"2024-08-17 00:00:00",4.72394457013136
"2024-08-18 00:00:00",5.59571787006676
"2024-08-19 00:00:00",8.445467633168061
"2024-08-20 00:00:00",6.8313488918255505
"2024-08-21 00:00:00",7.83073805980227
"2024-08-22 00:00:00",7.8913390929266
"2024-08-23 00:00:00",7.81500231036291
"2024-08-24 00:00:00",8.352894435334129
"2024-08-25 00:00:00",8.64614097743585
"2024-08-26 00:00:00",8.40340738379168
"2024-08-27 00:00:00",9.986094507741031
"2024-08-28 00:00:00",8.62792788041535
"2024-08-29 00:00:00",6.0494149351893105
"2024-08-30 00:00:00",6.53388912168098
"2024-08-31 00:00:00",6.67658381343434
"2024-09-01 00:00:00",6.93491316047234
"2024-09-02 00:00:00",8.16903724448327
"2024-09-03 00:00:00",6.86162566989898
"2024-09-04 00:00:00",6.76913588617242
"2024-09-05 00:00:00",6.1143479758254395
"2024-09-06 00:00:00",4.37194894934471
"2024-09-07 00:00:00",4.69173099816107
"2024-09-08 00:00:00",5.81994237536951
"2024-09-09 00:00:00",6.364418777359241
"2024-09-10 00:00:00",6.267585820179581
"2024-09-11 00:00:00",5.40230907437373
"2024-09-12 00:00:00",5.39900950404097
"2024-09-13 00:00:00",4.08658667774799
"2024-09-14 00:00:00",3.89351868694622
"2024-09-15 00:00:00",4.84987769091143
"2024-09-16 00:00:00",7.83968926105498
"2024-09-17 00:00:00",6.148487016792091
"2024-09-18 00:00:00",4.20216286500443
"2024-09-19 00:00:00",4.78517772746509
"2024-09-20 00:00:00",3.9148108961950903
"2024-09-21 00:00:00",4.11184664493995
"2024-09-22 00:00:00",4.4610945821282595
"2024-09-23 00:00:00",6.4326188336639
"2024-09-24 00:00:00",7.52665451571059
"2024-09-25 00:00:00",6.46291806922982
"2024-09-26 00:00:00",2.79062257867053
"2024-09-27 00:00:00",5.0107893528884295
"2024-09-28 00:00:00",6.51944373889326
"2024-09-29 00:00:00",7.01130892611181
"2024-09-30 00:00:00",7.92587339606054
"2024-10-01 00:00:00",9.58092256590357
"2024-10-02 00:00:00",7.138388647503089
"2024-10-03 00:00:00",7.30341871044724
"2024-10-04 00:00:00",7.9005068402272505
"2024-10-05 00:00:00",7.24889426894366
"2024-10-06 00:00:00",8.13675402122042
"2024-10-07 00:00:00",11.49540253920331
"2024-10-08 00:00:00",11.05936785734182
"2024-10-09 00:00:00",10.22390473565617
"2024-10-10 00:00:00",10.41516137676128
"2024-10-11 00:00:00",11.09274886899682
"2024-10-12 00:00:00",11.7098916274805
"2024-10-13 00:00:00",11.632657062057849
"2024-10-14 00:00:00",12.764054376070511
"2024-10-15 00:00:00",12.533390026981719
"2024-10-16 00:00:00",7.89275865476311
"2024-10-17 00:00:00",10.22363542648514
"2024-10-18 00:00:00",9.45309080542247
"2024-10-19 00:00:00",10.987149720931951
"2024-10-20 00:00:00",9.660348202248139
"2024-10-21 00:00:00",9.22218482453081
"2024-10-22 00:00:00",10.11733704198425
"2024-10-23 00:00:00",8.225423599862069
"2024-10-24 00:00:00",6.60143002467494
"2024-10-25 00:00:00",7.55038627285165
"2024-10-26 00:00:00",8.142934352106689
"2024-10-27 00:00:00",8.53082554389286
"2024-10-28 00:00:00",7.470731112349339
"2024-10-29 00:00:00",7.59349336207921
"2024-10-30 00:00:00",7.97775339996722
"2024-10-31 00:00:00",7.26842374212644
"2024-11-01 00:00:00",8.72186466398714
"2024-11-02 00:00:00",9.45085731390078
"2024-11-03 00:00:00",9.0756207738978
"2024-11-04 00:00:00",10.24231629710445
"2024-11-05 00:00:00",10.882209520315001
"2024-11-06 00:00:00",9.34193290735561
"2024-11-07 00:00:00",9.34369399333581
"2024-11-08 00:00:00",10.02026720493636
"2024-11-09 00:00:00",8.143613610303
"2024-11-10 00:00:00",9.17598053254886
"2024-11-11 00:00:00",10.52662361186531
"2024-11-12 00:00:00",10.91950114486233
"2024-11-13 00:00:00",9.89837251746328
"2024-11-14 00:00:00",11.00677150130089
"2024-11-15 00:00:00",12.69966727506852
"2024-11-16 00:00:00",10.24586686834407
"2024-11-17 00:00:00",10.66656587746119
"2024-11-18 00:00:00",8.56491623121047
"2024-11-19 00:00:00",9.43242945525888
"2024-11-20 00:00:00",7.45207361507023
"2024-11-21 00:00:00",7.290824006803829
"2024-11-22 00:00:00",6.70282063551588
"2024-11-23 00:00:00",6.82166494622229
"2024-11-24 00:00:00",5.217021349550531
"2024-11-25 00:00:00",9.29655646949636
"2024-11-26 00:00:00",7.7449728552510795
"2024-11-27 00:00:00",5.66406935129675
"2024-11-28 00:00:00",6.62935144359404
"2024-11-29 00:00:00",6.481058461728351
"2024-11-30 00:00:00",6.152369695868249
"2024-12-01 00:00:00",6.24828191738386
"2024-12-02 00:00:00",5.80396935031359
"2024-12-03 00:00:00",5.67164168727138
"2024-12-04 00:00:00",6.32027991650268
"2024-12-05 00:00:00",6.74323819703013
"2024-12-06 00:00:00",6.03000287296091
"2024-12-07 00:00:00",4.7422618315104
"2024-12-08 00:00:00",2.49314196134304
"2024-12-09 00:00:00",2.84625551173727
"2024-12-10 00:00:00",1.0554662729814
"2024-12-11 00:00:00",3.50379134491194
"2024-12-12 00:00:00",3.1619105826905303
"2024-12-13 00:00:00",4.01077361933515
"2024-12-14 00:00:00",2.8237550265543603
"2024-12-15 00:00:00",3.07973225593438
"2024-12-16 00:00:00",4.88810692514802
"2024-12-17 00:00:00",4.674388231499369
"2024-12-18 00:00:00",3.98357134677129
"2024-12-19 00:00:00",3.59327885429723
"2024-12-20 00:00:00",6.3164646013949195
"2024-12-21 00:00:00",4.22842033828685
"2024-12-22 00:00:00",4.5592964906954805
"2024-12-23 00:00:00",4.2771012832105
"2024-12-24 00:00:00",4.7410570735885305
"2024-12-25 00:00:00",0.7424306324021299
"2024-12-26 00:00:00",2.1445871628293203
"2024-12-27 00:00:00",3.36374206480321
"2024-12-28 00:00:00",3.2040751197121202
"2024-12-29 00:00:00",3.15855025806448
"2024-12-30 00:00:00",4.7373244089989
"2024-12-31 00:00:00",6.31949922585604
"2025-01-01 00:00:00",5.24709728918371
"2025-01-02 00:00:00",4.75075933851747
"2025-01-03 00:00:00",2.4512305566118697
"2025-01-04 00:00:00",1.34753845669886
"2025-01-05 00:00:00",1.03017208606035
"2025-01-06 00:00:00",2.2348853090500698
"2025-01-07 00:00:00",5.69296892610524
"2025-01-08 00:00:00",8.86889262337518
"2025-01-09 00:00:00",8.799464279444601
"2025-01-10 00:00:00",3.6485312488539297
"2025-01-11 00:00:00",4.51582088757964
"2025-01-12 00:00:00",6.9220602879326
"2025-01-13 00:00:00",8.773562288529991
"2025-01-14 00:00:00",5.67461239737656
"2025-01-15 00:00:00",6.32497870150845
"2025-01-16 00:00:00",6.68117469093805
"2025-01-17 00:00:00",6.92061821479417
"2025-01-18 00:00:00",6.5073472582111105
"2025-01-19 00:00:00",5.13441042319218
"2025-01-20 00:00:00",6.66137809657068
"2025-01-21 00:00:00",7.30845190445941
"2025-01-22 00:00:00",8.668278110856841
"2025-01-23 00:00:00",11.86610972102732
"2025-01-24 00:00:00",13.469862962667209
"2025-01-25 00:00:00",9.532729263272929
"2025-01-26 00:00:00",11.22032619524537
"2025-01-27 00:00:00",10.81213448059299
"2025-01-28 00:00:00",11.93650679340316
"2025-01-29 00:00:00",9.96252129620685
"2025-01-30 00:00:00",8.505973959635881
"2025-01-31 00:00:00",9.37338853552713
"2025-02-01 00:00:00",8.9342467958821
"2025-02-02 00:00:00",9.3653177446306
"2025-02-03 00:00:00",9.46909495053287
"2025-02-04 00:00:00",9.024830991165949
"2025-02-05 00:00:00",11.56300532035474
"2025-02-06 00:00:00",11.767481385424219
"2025-02-07 00:00:00",9.111243279292
"2025-02-08 00:00:00",7.68897033890478
"2025-02-09 00:00:00",9.18581389178461
"2025-02-10 00:00:00",7.393215551999139
"2025-02-11 00:00:00",7.55561504467228
"2025-02-12 00:00:00",6.076345702351
"2025-02-13 00:00:00",8.152656247357971
"2025-02-14 00:00:00",6.895926852095741
"2025-02-15 00:00:00",5.76160320854592
"2025-02-16 00:00:00",5.42658962942599
"2025-02-17 00:00:00",6.21661438556064
"2025-02-18 00:00:00",7.969914761398609
"2025-02-19 00:00:00",6.18231182875104
"2025-02-20 00:00:00",6.10483057766806
"2025-02-21 00:00:00",5.72540987496874
"2025-02-22 00:00:00",3.66057191951243
"2025-02-23 00:00:00",2.63045644547925
"2025-02-24 00:00:00",6.162981443733391
"2025-02-25 00:00:00",4.816942995280829
"2025-02-26 00:00:00",5.60643533640821
"2025-02-27 00:00:00",4.5058032168799595
"2025-02-28 00:00:00",6.24343870604633
"2025-03-01 00:00:00",6.995738721972381
"2025-03-02 00:00:00",5.65589647922259
"2025-03-03 00:00:00",6.36359113659406
"2025-03-04 00:00:00",5.83045798070323
"2025-03-05 00:00:00",6.13024371458486
"2025-03-06 00:00:00",3.8314697244195797
"2025-03-07 00:00:00",2.1013567762344603
"2025-03-08 00:00:00",0.32083156747191
"2025-03-09 00:00:00",3.22756063526759
"2025-03-10 00:00:00",6.12141715923855
"2025-03-11 00:00:00",5.77944222318353
"2025-03-12 00:00:00",6.85970872143073
"2025-03-13 00:00:00",4.90013964430635
"2025-03-14 00:00:00",3.78486601038181
"2025-03-15 00:00:00",3.30823025016648
"2025-03-16 00:00:00",3.95496244803763
"2025-03-17 00:00:00",5.97414936230307
"2025-03-18 00:00:00",7.168020556383679
"2025-03-19 00:00:00",7.765139440235309
"2025-03-20 00:00:00",6.85071656659945
"2025-03-21 00:00:00",7.89087327662183
"2025-03-22 00:00:00",5.13123377966449
"2025-03-23 00:00:00",5.02235065626885
"2025-03-24 00:00:00",4.83661447335515
"2025-03-25 00:00:00",4.73012236903707
"2025-03-26 00:00:00",4.38430465973247
"2025-03-27 00:00:00",7.29055879393332
"2025-03-28 00:00:00",4.73037339588959
"2025-03-29 00:00:00",3.65526679280865
"2025-03-30 00:00:00",5.60623318927226
"2025-03-31 00:00:00",4.53431547199969
"2025-04-01 00:00:00",6.701488423262051
"2025-04-02 00:00:00",8.06794331522593
"2025-04-03 00:00:00",6.798226408864649
"2025-04-04 00:00:00",5.0763349808817795
"2025-04-05 00:00:00",8.571090230435379
"2025-04-06 00:00:00",7.83516146115463
"2025-04-07 00:00:00",7.994284606282499
"2025-04-08 00:00:00",5.87608570169133
"2025-04-09 00:00:00",3.33828964041231
"2025-04-10 00:00:00",4.14631795582149
"2025-04-11 00:00:00",3.78800204994447
"2025-04-12 00:00:00",2.22262619211204
"2025-04-13 00:00:00",2.41875898670336
"2025-04-14 00:00:00",2.98827321699062
"2025-04-15 00:00:00",5.09888861797658
"2025-04-16 00:00:00",5.70785233927471
"2025-04-17 00:00:00",5.34323044907478
"2025-04-18 00:00:00",4.11249425301831
"2025-04-19 00:00:00",2.88042863040813
"2025-04-20 00:00:00",2.40809641816357
"2025-04-21 00:00:00",4.27131090459249
"2025-04-22 00:00:00",5.50156650948436
"2025-04-23 00:00:00",4.443415563817419
"2025-04-24 00:00:00",5.05806884515844
"2025-04-25 00:00:00",6.08551497739542
"2025-04-26 00:00:00",4.74432419029695
"2025-04-27 00:00:00",6.27268662667603
"2025-04-28 00:00:00",7.934790825743771
"2025-04-29 00:00:00",3.30270071458878
"2025-04-30 00:00:00",3.03950548750411
"2025-05-01 00:00:00",2.4078348178772
"2025-05-02 00:00:00",1.12018107198232
"2025-05-03 00:00:00",3.32471219336991
"2025-05-04 00:00:00",4.6661889813215796
"2025-05-05 00:00:00",4.2466278320249105
"2025-05-06 00:00:00",4.30271264538615
"2025-05-07 00:00:00",6.530812958458069
"2025-05-08 00:00:00",6.53378864993385
"2025-05-09 00:00:00",8.01320718671043
"2025-05-10 00:00:00",6.3532141377872
"2025-05-11 00:00:00",7.12696200224598
"2025-05-12 00:00:00",9.14380399501249
"2025-05-13 00:00:00",10.359042125535261
"2025-05-14 00:00:00",9.288591227031
"2025-05-15 00:00:00",5.47381438508869
"2025-05-16 00:00:00",5.7921584840944
"2025-05-17 00:00:00",4.72477720134651
"2025-05-18 00:00:00",5.76775026230818
"2025-05-19 00:00:00",6.77274670973431
"2025-05-20 00:00:00",7.438361885380849
"2025-05-21 00:00:00",9.09380711593392
"2025-05-22 00:00:00",6.99976146116838
"2025-05-23 00:00:00",6.88650783161581
"2025-05-24 00:00:00",5.09564734078338
"2025-05-25 00:00:00",3.69216454452956
"2025-05-26 00:00:00",2.1458825950104
"2025-05-27 00:00:00",1.63580340317026
"2025-05-28 00:00:00",0.41688055239185995
"2025-05-29 00:00:00",1.90110410235075
"2025-05-30 00:00:00",3.8477627797430305
"2025-05-31 00:00:00",2.55697730987911
"2025-06-01 00:00:00",3.83469378682173
"2025-06-02 00:00:00",3.9753434782795
"2025-06-03 00:00:00",3.1669009043257796
"2025-06-04 00:00:00",4.019870807176161
"2025-06-05 00:00:00",2.09907692756323
"2025-06-06 00:00:00",2.04293544955007
"2025-06-07 00:00:00",1.29600544056349
"2025-06-08 00:00:00",2.16915704895224
"2025-06-09 00:00:00",2.74821382192294
"2025-06-10 00:00:00",2.18370242827754
"2025-06-11 00:00:00",2.62846742628239
"2025-06-12 00:00:00",3.16767579033627
"2025-06-13 00:00:00",2.82135699076298
"2025-06-14 00:00:00",4.45513500318424
"2025-06-15 00:00:00",1.3538883176219298
"2025-06-16 00:00:00",3.57318342495394
"2025-06-17 00:00:00",4.2388578572175994
"2025-06-18 00:00:00",4.506530579719939
"2025-06-19 00:00:00",3.80331691410003
"2025-06-20 00:00:00",0.29648249992566
"2025-06-21 00:00:00",0.95501826264898
"2025-06-22 00:00:00",2.99707974357292
"2025-06-23 00:00:00",3.85157825837327
"2025-06-24 00:00:00",3.41060388269149
"2025-06-25 00:00:00",3.89967276559759
"2025-06-26 00:00:00",4.97971205469263
"2025-06-27 00:00:00",6.86558976778302
"2025-06-28 00:00:00",4.8239901514798
"2025-06-29 00:00:00",4.36773079639738
"2025-06-30 00:00:00",4.3775618089432795
"2025-07-01 00:00:00",2.5955181645646
"2025-07-02 00:00:00",3.9205944034604605
"2025-07-03 00:00:00",4.286176280150969
"2025-07-04 00:00:00",2.41008113763101
"2025-07-05 00:00:00",5.08749233561429
"2025-07-06 00:00:00",3.68549443486123
"2025-07-07 00:00:00",5.2593972417706
"2025-07-08 00:00:00",5.42005771544986
"2025-07-09 00:00:00",5.82168231557178
"2025-07-10 00:00:00",4.49122034333302
"2025-07-11 00:00:00",4.014225498270299
"2025-07-12 00:00:00",1.51740821498775
"2025-07-13 00:00:00",2.37078897164122
"2025-07-14 00:00:00",4.33630359612191
"2025-07-15 00:00:00",4.81942509707038
"2025-07-16 00:00:00",4.29626288666475
"2025-07-17 00:00:00",2.2647969456867902
"2025-07-18 00:00:00",0.70758859351693
"2025-07-19 00:00:00",1.48453779759718
"2025-07-20 00:00:00",5.89405090699131
"2025-07-21 00:00:00",5.39412329045931
"2025-07-22 00:00:00",4.1490018241944195
"2025-07-23 00:00:00",4.31039215954465
"2025-07-24 00:00:00",5.69256596202847
"2025-07-25 00:00:00",6.51895884407358
"2025-07-26 00:00:00",5.07382479906799
"2025-07-27 00:00:00",3.36736897798164
"2025-07-28 00:00:00",5.77755865993303
"2025-07-29 00:00:00",6.258514676477681
"2025-07-30 00:00:00",5.6678565992520396
"2025-07-31 00:00:00",5.21188419470364
"2025-08-01 00:00:00",2.83356859709962
"2025-08-02 00:00:00",3.2864810585739797
"2025-08-03 00:00:00",4.03960372484657
"2025-08-04 00:00:00",4.07107466502785
"2025-08-05 00:00:00",3.5504558347133397
"2025-08-06 00:00:00",2.30345521007966
"2025-08-07 00:00:00",0.3489991454165
"2025-08-08 00:00:00",-0.98500570094197
"2025-08-09 00:00:00",0.4806445991581
"2025-08-10 00:00:00",0.96042544161145
"2025-08-11 00:00:00",2.41624844767833
"2025-08-12 00:00:00",0.8200958379404899
"2025-08-13 00:00:00",-0.22450863139009
"2025-08-14 00:00:00",0.029258626035309997
"2025-08-15 00:00:00",-0.31377078214009
"2025-08-16 00:00:00",0.20365668241264
"2025-08-17 00:00:00",2.07643033897044
"2025-08-18 00:00:00",4.24945368492415
"2025-08-19 00:00:00",0.30195996843398
"2025-08-20 00:00:00",0.51459307549155
"2025-08-21 00:00:00",0.36156005630272
"2025-08-22 00:00:00",-0.24813735152372
"2025-08-23 00:00:00",-2.22574922167229
"2025-08-24 00:00:00",-2.1056250421350597
"2025-08-25 00:00:00",-0.046232784845759996
"2025-08-26 00:00:00",0.44462264752003
"2025-08-27 00:00:00",-2.4315758895574398
"2025-08-28 00:00:00",-2.10192857462097
"2025-08-29 00:00:00",-0.68159893038484
"2025-08-30 00:00:00",0.38814458099272
"2025-08-31 00:00:00",1.46635977346751
"2025-09-01 00:00:00",2.66150725365601
"2025-09-02 00:00:00",1.16228611595021
"2025-09-03 00:00:00",1.18071142686251
"2025-09-04 00:00:00",0.71466803648698
"2025-09-05 00:00:00",0.30192452379669
"2025-09-06 00:00:00",0.60965061444693
"2025-09-07 00:00:00",2.07562300786774
"2025-09-08 00:00:00",1.88250409075148
"2025-09-09 00:00:00",2.54017867916116
"2025-09-10 00:00:00",1.3814327502199302
"2025-09-11 00:00:00",2.91309562059365
"2025-09-12 00:00:00",1.55542002970532
"2025-09-13 00:00:00",2.84463936921715
"2025-09-14 00:00:00",3.62090296464396
"2025-09-15 00:00:00",3.52956612210368
"2025-09-16 00:00:00",0.72175428035388
"2025-09-17 00:00:00",-1.0816939699239299
"2025-09-18 00:00:00",0.95811577610276
"2025-09-19 00:00:00",1.47974085206332
"2025-09-20 00:00:00",3.05370204862689
"2025-09-21 00:00:00",4.03330189624369
"2025-09-22 00:00:00",3.60977170300171
"2025-09-23 00:00:00",1.5121522523092001
"2025-09-24 00:00:00",-0.34162001518920004
"2025-09-25 00:00:00",0.53070197408369
"2025-09-26 00:00:00",4.58067890218942
"2025-09-27 00:00:00",2.89732664384434
"2025-09-28 00:00:00",0.9593365333029701
"2025-09-29 00:00:00",1.84405071529165
"2025-09-30 00:00:00",2.00130548295931
"2025-10-01 00:00:00",0.16325060962378
"2025-10-02 00:00:00",2.00225248214007
"2025-10-03 00:00:00",1.20234710173192
"2025-10-04 00:00:00",0.70134941731108
"2025-10-05 00:00:00",-1.53197887728196
"2025-10-06 00:00:00",-0.06752422966284
"2025-10-07 00:00:00",0.01355595890455
"2025-10-08 00:00:00",-1.23991324869233
"2025-10-09 00:00:00",-1.0203845055129
"2025-10-10 00:00:00",-1.58069308295689
"2025-10-11 00:00:00",-1.25793482838636
"2025-10-12 00:00:00",-2.0029315997569097
"2025-10-13 00:00:00",-3.1544722357770496
"2025-10-14 00:00:00",-2.91671198954164
"2025-10-15 00:00:00",-2.24729225653815
"2025-10-16 00:00:00",2.9422370117310597
"2025-10-17 00:00:00",0.21278461860358
"2025-10-18 00:00:00",1.1466698551740402
"2025-10-19 00:00:00",0.007941387058041371
"2025-10-20 00:00:00",-0.0213283566118
"2025-10-21 00:00:00",0.6347055500901899
"2025-10-22 00:00:00",2.97557437635782
"2025-10-23 00:00:00",2.96882614040858
"2025-10-24 00:00:00",2.16266811584922
"2025-10-25 00:00:00",0.28349065369792004
"2025-10-26 00:00:00",-1.7700660749289099
"2025-10-27 00:00:00",-0.40221973909306
"2025-10-28 00:00:00",1.31072045973235
"2025-10-29 00:00:00",2.33156921751289
"2025-10-30 00:00:00",0.9580956535357
"2025-10-31 00:00:00",1.51607953179182
"2025-11-01 00:00:00",1.37070691643417
"2025-11-02 00:00:00",1.85978918300082
"2025-11-03 00:00:00",3.6638900385499196
"2025-11-04 00:00:00",7.654917835921269
"2025-11-05 00:00:00",8.07460747433164
"2025-11-06 00:00:00",5.33460385852047
"2025-11-07 00:00:00",7.469416201298169
"2025-11-08 00:00:00",4.49288894130988
"2025-11-09 00:00:00",5.17301464380666
"2025-11-10 00:00:00",4.31165654736707
"2025-11-11 00:00:00",5.5805819717200595
"2025-11-12 00:00:00",6.701863931092709
"2025-11-13 00:00:00",5.58858274333462
"2025-11-14 00:00:00",2.4151596089732204
"2025-11-15 00:00:00",-1.25285988369853
"2025-11-16 00:00:00",1.9305940671403101
"2025-11-17 00:00:00",0.8434635093773399
"2025-11-18 00:00:00",3.59383729118738
"2025-11-19 00:00:00",3.66153890049902
"2025-11-20 00:00:00",4.00454313684479
"2025-11-21 00:00:00",1.91229498323395
"2025-11-22 00:00:00",4.38869049124084
"2025-11-23 00:00:00",5.94075842988892
"2025-11-24 00:00:00",8.38521073988423
"2025-11-25 00:00:00",6.74790333975612
"2025-11-26 00:00:00",5.61784297175962
"2025-11-27 00:00:00",5.59000962442337
"2025-11-28 00:00:00",3.5567954258192502
"2025-11-29 00:00:00",4.17838501732135
"2025-11-30 00:00:00",3.71822193550539
"2025-12-01 00:00:00",4.7204950485882
"2025-12-02 00:00:00",5.04783298987643
"2025-12-03 00:00:00",6.82696377264899
"2025-12-04 00:00:00",4.07901986247891
"2025-12-05 00:00:00",0.5119489583967599
"2025-12-06 00:00:00",2.34201484162759
"2025-12-07 00:00:00",0.14764218663751
"2025-12-08 00:00:00",2.93596320081528
"2025-12-09 00:00:00",4.77499607986449
"2025-12-10 00:00:00",5.1680939638881
"2025-12-11 00:00:00",1.0965258341878399
"2025-12-12 00:00:00",0.8823391991193299
"2025-12-13 00:00:00",1.5384541035794401
"2025-12-14 00:00:00",3.1613149224515698
"2025-12-15 00:00:00",2.66580609158311
"2025-12-16 00:00:00",2.58599771874306
"2025-12-17 00:00:00",2.75827222272815
"2025-12-18 00:00:00",0.24945127487626997
"2025-12-19 00:00:00",-1.12386715757771
"2025-12-20 00:00:00",-1.48187949442477
"2025-12-21 00:00:00",1.26197214269074
"2025-12-22 00:00:00",1.65288714278775
"2025-12-23 00:00:00",1.37647219465646
"2025-12-24 00:00:00",-0.13797388000778
"2025-12-25 00:00:00",3.1966686023047397
"2025-12-26 00:00:00",4.910059721669549
"2025-12-27 00:00:00",4.26262289500252
"2025-12-28 00:00:00",4.967711906754619
"2025-12-29 00:00:00",5.07799544882523
"2025-12-30 00:00:00",5.07878207879177
"2025-12-31 00:00:00",3.4101343407372697
"2026-01-01 00:00:00",4.3690376473727
"2026-01-02 00:00:00",1.2169331542450699
"2026-01-03 00:00:00",2.67875082520245
"2026-01-04 00:00:00",4.24609781140106
"2026-01-05 00:00:00",5.13874805709517
"2026-01-06 00:00:00",8.263885375985499
"2026-01-07 00:00:00",9.02094014473247
"2026-01-08 00:00:00",5.45204453724854
"2026-01-09 00:00:00",4.8846386729433
"2026-01-10 00:00:00",8.4175885705928
"2026-01-11 00:00:00",7.02849947897983
"2026-01-12 00:00:00",7.492645688816641
"2026-01-13 00:00:00",7.07940115756666
"2026-01-14 00:00:00",9.43501084462719
"2026-01-15 00:00:00",8.18578653543178
"2026-01-16 00:00:00",7.842179207333159
"2026-01-17 00:00:00",9.199943798361481
"2026-01-18 00:00:00",9.562042906918169
"2026-01-19 00:00:00",9.44422822836139
"2026-01-20 00:00:00",7.37447013552337
"2026-01-21 00:00:00",7.3927933681402695
"2026-01-22 00:00:00",7.012719913717589
"2026-01-23 00:00:00",6.360390393008609
"2026-01-24 00:00:00",2.5527768908284
"2026-01-25 00:00:00",1.448391710049
"2026-01-26 00:00:00",1.5751100181475401
"2026-01-27 00:00:00",1.2151635726210501
"2026-01-28 00:00:00",0.10428895758189
"2026-01-29 00:00:00",0.15092030408279
"2026-01-30 00:00:00",-1.6660457880247
"2026-01-31 00:00:00",-3.8935155725763497
"2026-02-01 00:00:00",-3.54653269871906
"2026-02-02 00:00:00",-4.1503656898315
"2026-02-03 00:00:00",-3.41241174357432
"2026-02-04 00:00:00",-3.68237186726796
"2026-02-05 00:00:00",-5.58002858883392
"2026-02-06 00:00:00",-7.23149485275501
"2026-02-07 00:00:00",-6.85284573712275
"2026-02-08 00:00:00",-5.93670297797523
"2026-02-09 00:00:00",-6.914401618796321
"2026-02-10 00:00:00",-3.9952233041695497
"2026-02-11 00:00:00",-4.83762114750015
"2026-02-12 00:00:00",-3.48388958423994
"2026-02-13 00:00:00",-6.619880716902871
"2026-02-14 00:00:00",-5.46054549318417
"2026-02-15 00:00:00",-5.3902412575865
"2026-02-16 00:00:00",-5.484220627766
"2026-02-17 00:00:00",-5.96701433540899
"2026-02-18 00:00:00",-6.473591795577311
"2026-02-19 00:00:00",-5.4506123155373505
"2026-02-20 00:00:00",-7.1319380925154805
"2026-02-21 00:00:00",-6.764528361900821
"2026-02-22 00:00:00",-7.393883819063101
"2026-02-23 00:00:00",-4.4727095379013395
"2026-02-24 00:00:00",-4.72561939246395
"2026-02-25 00:00:00",-1.79919986955338
"2026-02-26 00:00:00",-3.57802595220763
"2026-02-27 00:00:00",-2.9801757633858497
"2026-02-28 00:00:00",-3.01993708163218
"2026-03-01 00:00:00",-2.06821908530373
"2026-03-02 00:00:00",0.84970348145649
"2026-03-03 00:00:00",2.0605634743982
"2026-03-04 00:00:00",3.5938816690076703
"2026-03-05 00:00:00",2.3521949516571
"2026-03-06 00:00:00",3.2510407366180596
"2026-03-07 00:00:00",1.12709795330765
"2026-03-08 00:00:00",0.24176896246539
"2026-03-09 00:00:00",-0.07987620120392999
"2026-03-10 00:00:00",-1.18978266713584
"2026-03-11 00:00:00",1.88980126094309
"2026-03-12 00:00:00",-0.5375896941898199
"2026-03-13 00:00:00",0.60222584820963
"2026-03-14 00:00:00",-0.59834186284488
"2026-03-15 00:00:00",2.26339526665644
"2026-03-16 00:00:00",2.71171581697995
"2026-03-17 00:00:00",3.18002327742865
"2026-03-18 00:00:00",1.66483563274537
"2026-03-19 00:00:00",2.86863665390986
"2026-03-20 00:00:00",2.1225207781224
"2026-03-21 00:00:00",1.60635734895537
"2026-03-22 00:00:00",3.3272193519434
"2026-03-23 00:00:00",3.4639430347874702
"2026-03-24 00:00:00",4.930567401697171
"2026-03-25 00:00:00",5.20221857838067
"2026-03-26 00:00:00",4.2419977742981
"2026-03-27 00:00:00",0.85476370117567
"2026-03-28 00:00:00",3.36326812802005
"2026-03-29 00:00:00",3.67964366678177
"2026-03-30 00:00:00",3.90255607735088
"2026-03-31 00:00:00",5.51054587170602
"2026-04-01 00:00:00",2.85556940891236
"2026-04-02 00:00:00",1.57968714377301
"2026-04-03 00:00:00",1.36161687959486
"2026-04-04 00:00:00",2.1249178160237
"2026-04-05 00:00:00",0.27772748270242004
"2026-04-06 00:00:00",3.70585370181786
"2026-04-07 00:00:00",5.0895852747873995
"2026-04-08 00:00:00",6.25755570322921
"2026-04-09 00:00:00",8.31271675143274
"2026-04-10 00:00:00",5.55705821234264
"2026-04-11 00:00:00",5.93676287381621
"2026-04-12 00:00:00",4.46513469711031
"2026-04-13 00:00:00",6.70860341855066
"2026-04-14 00:00:00",4.40831370914158
"2026-04-15 00:00:00",1.77452245181586
"2026-04-16 00:00:00",1.11685818191351
"2026-04-17 00:00:00",2.11987867865062
"2026-04-18 00:00:00",1.81768656149681
"2026-04-19 00:00:00",3.9416936619091
"2026-04-20 00:00:00",5.652512231543319
"2026-04-21 00:00:00",4.3227968782819195
"2026-04-22 00:00:00",3.44837306079841
"2026-04-23 00:00:00",2.6081636492050397
"2026-04-24 00:00:00",1.31045658204724
"2026-04-25 00:00:00",1.8228679638254202
"2026-04-26 00:00:00",1.9423689955512
"2026-04-27 00:00:00",1.99231771030243
"2026-04-28 00:00:00",1.97534527426124
"2026-04-29 00:00:00",0.01105609782752
"2026-04-30 00:00:00",-0.49556348530201005
"2026-05-01 00:00:00",0.20737712894063
"2026-05-02 00:00:00",1.8395681961581998
"2026-05-03 00:00:00",2.36220194425682
"2026-05-04 00:00:00",1.53820940813087
"2026-05-05 00:00:00",3.03868293201339
"2026-05-06 00:00:00",3.2378875178142197
"2026-05-07 00:00:00",2.1306665527354998
"2026-05-08 00:00:00",2.39989064314369
"2026-05-09 00:00:00",0.5209482314759
"2026-05-10 00:00:00",2.03074946744734
"2026-05-11 00:00:00",2.94551037384009
"2026-05-12 00:00:00",2.34085068340683
"2026-05-13 00:00:00",1.13223711424736
"2026-05-14 00:00:00",0.8584707836437601
"2026-05-15 00:00:00",2.21864793070658
"2026-05-16 00:00:00",0.99804279541959
"2026-05-17 00:00:00",0.90553217346749
"2026-05-18 00:00:00",2.5425959669151
"2026-05-19 00:00:00",1.45865172412655
"2026-05-20 00:00:00",1.6233244882845201
"2026-05-21 00:00:00",1.02928342963997
"2026-05-22 00:00:00",1.0467723136442
"2026-05-23 00:00:00",0.11925096632627
"2026-05-24 00:00:00",-0.01786678489599
"2026-05-25 00:00:00",2.50792716322192
"2026-05-26 00:00:00",4.10082242880198
"2026-05-27 00:00:00",3.9366156170058897
"2026-05-28 00:00:00",4.0911474913768
"2026-05-29 00:00:00",6.00337820260701
"2026-05-30 00:00:00",5.22529276642087
"2026-05-31 00:00:00",4.94333342943307
"2026-06-01 00:00:00",4.30730248536339
"2026-06-02 00:00:00",4.41662752427007
"2026-06-03 00:00:00",6.727740309555939
"2026-06-04 00:00:00",3.2373294338110896
"2026-06-05 00:00:00",3.05242460903056
"2026-06-06 00:00:00",3.06223547494393
"2026-06-07 00:00:00",4.68199296255644
"2026-06-08 00:00:00",4.98864022842608
"2026-06-09 00:00:00",5.63571427180233
"2026-06-10 00:00:00",5.04674513382523
"2026-06-11 00:00:00",3.8609434361916097
"2026-06-12 00:00:00",2.73462881786537
"2026-06-13 00:00:00",5.13093198914982
"2026-06-14 00:00:00",4.609690808482321
"2026-06-15 00:00:00",7.634658815243831
"2026-06-16 00:00:00",7.43435256831426
"2026-06-17 00:00:00",5.77933382252402
"2026-06-18 00:00:00",3.7664966990070603
"2026-06-19 00:00:00",1.5044531127827099
"2026-06-20 00:00:00",2.2650325369464
"2026-06-21 00:00:00",2.29801925986534
"2026-06-22 00:00:00",4.9235367144471995
"2026-06-23 00:00:00",6.483966795521449
"2026-06-24 00:00:00",3.8004777130724303
"2026-06-25 00:00:00",4.27779241414041
"2026-06-26 00:00:00",1.7764263675985599
"2026-06-27 00:00:00",-0.51148111511775
"2026-06-28 00:00:00",-0.37207885286628
"2026-06-29 00:00:00",0.09560444243008
"2026-06-30 00:00:00",0.48384268014849
"2026-07-01 00:00:00",-0.41654717736625996
"2026-07-02 00:00:00",-0.48958924232146
"2026-07-03 00:00:00",-2.90448139136205