mmsi,msf,dsr,vrs,sbi,aii
403101001,684.0,0.1121,27.6,9.5,0.09
403127000,574.4,0.3243,29.1,11.1,0.44
613003594,571.0,0.7,49.4,29.6,2.34
352001697,515.4,0.0,1.3,5.8,0.0
620999422,471.0,0.0,0.1,9.0,0.0
538012718,452.0,0.0,1.4,10.8,0.02
667002360,443.8,0.2125,59.2,1.9,0.04
538008775,425.4,0.2917,12.3,4.6,0.15
570294000,408.8,0.6522,107.1,3.0,0.75
229618000,394.8,0.2381,10.4,4.7,0.01
306103000,374.1,0.3333,34.0,7.8,0.07
352978181,372.5,0.3784,59.1,7.8,0.16
248417000,369.6,0.5,80.9,12.1,0.34
314204000,363.1,0.6667,59.0,9.5,0.51
667002338,354.6,0.12,59.3,4.7,0.01
248716000,353.5,0.4426,41.0,11.7,0.09
679881001,324.6,0.375,41.3,5.5,0.04
273270940,322.0,0.7576,59.3,10.9,0.3
538003439,318.3,0.1538,30.6,12.4,0.03
563215900,311.2,0.5263,96.2,10.4,0.2
613220056,303.8,0.1522,48.4,9.9,0.08
273259630,295.3,0.8205,71.0,11.5,0.33
636014923,290.5,0.5,96.5,18.3,2.5
352001387,287.6,0.0,0.1,0.0,0.0
413074000,281.0,0.175,17.3,3.0,0.06
563216400,278.6,0.5789,89.2,5.7,0.12
631010084,274.6,0.3125,30.5,8.8,0.03
636015767,265.7,0.3974,44.3,8.6,0.63
613881403,251.9,0.6042,60.3,14.2,0.28
248416000,250.3,0.2203,35.2,15.3,0.11
636014368,249.9,0.5789,43.0,21.9,0.32
461000253,247.3,0.2698,70.7,10.4,0.09
570297000,247.0,0.0,36.5,7.3,0.0
613569715,243.0,1.0,40.5,10.5,0.05
413069000,233.7,0.1163,19.2,3.8,0.03
241406000,233.3,0.3521,59.3,15.4,0.28
636020082,228.8,0.2,26.1,24.8,0.19
669613000,227.1,0.7059,37.1,18.5,0.11
565712000,224.8,0.5217,26.0,3.8,0.28
273279840,223.7,0.5122,59.3,19.9,0.18
538002845,223.5,0.6364,57.3,3.4,0.48
613003807,217.2,0.5714,40.5,3.0,0.13
241343000,215.5,0.3529,42.1,9.3,0.08
613404910,215.0,0.8462,32.8,18.6,0.38
273259910,211.5,0.3265,15.0,9.4,0.05
311000222,205.9,0.3158,74.7,6.0,0.1
667002025,204.2,0.5714,48.5,4.7,0.2
636024028,203.6,0.2222,57.4,6.1,0.06
235076274,202.9,0.2667,48.3,3.5,0.11
413858000,200.4,0.1282,53.4,14.3,0.06
667002334,199.4,0.2222,59.2,10.5,0.05
312050000,197.9,0.3333,29.0,7.0,0.22
632001144,193.0,0.8947,64.1,11.2,0.15
235076276,191.8,0.3735,22.0,6.4,0.58
309924000,191.8,0.5,49.3,3.2,0.33
273272260,190.8,0.697,70.6,6.1,0.36
273250830,190.1,0.7105,70.7,15.0,0.17
374430000,189.8,0.0226,2.0,11.0,0.02
620800007,187.7,0.2381,37.5,34.1,0.08
667001242,187.1,0.2118,59.3,7.3,0.04
463075101,183.7,0.5,27.2,3.7,0.12
373638000,183.3,0.4407,44.4,8.9,0.2
413120000,182.5,0.1136,18.8,5.4,0.05
667002336,181.8,0.4286,59.5,12.1,0.14
477144300,181.8,0.6571,36.0,10.6,0.34
620800047,179.9,0.3158,31.7,9.3,1.55
525121076,178.5,0.62,50.4,12.2,0.29
574534000,177.1,0.0,0.3,22.8,0.0
538009850,175.0,0.3279,26.6,10.8,0.12
636019392,172.0,0.5102,54.8,8.5,0.15
750057000,171.0,0.0,28.1,21.6,0.0
468124000,170.8,0.4167,37.3,19.1,0.13
538006514,170.6,0.4167,48.4,5.9,0.19
461000238,169.2,0.5366,41.7,4.5,0.14
403097001,168.5,0.339,23.9,7.2,0.14
311018700,166.1,0.7089,59.2,7.4,0.26
352898793,165.7,0.5094,59.1,8.6,0.2
249575000,165.6,0.5833,59.1,6.5,0.14
352005357,164.2,0.5405,50.4,10.6,0.07
636014423,162.3,0.7838,30.8,13.8,0.34
273278480,162.1,0.0923,28.7,7.0,0.11
650000177,161.7,0.2069,37.5,26.7,0.01
613606500,161.2,0.3889,13.5,8.3,0.1
314001093,160.4,0.6061,59.3,13.4,0.21
249356000,160.4,0.8333,67.0,1.3,0.23
620800034,160.3,0.1667,28.4,21.7,0.86
273278840,160.3,0.5072,48.5,6.3,0.19
461000233,159.2,0.4485,70.7,15.7,0.5
311000225,159.1,0.3125,47.8,19.0,0.07
309987000,158.8,0.3846,30.3,6.5,0.09
636014114,158.3,0.4091,42.4,12.5,0.19
538011949,155.8,0.4386,33.9,7.5,0.14
273257030,155.6,0.8846,70.7,17.8,0.19
255806147,155.3,0.3429,44.7,27.9,0.07
631010074,155.0,0.7143,52.2,25.7,0.49
273271660,152.7,0.84,70.7,14.2,0.22
631010107,152.2,0.6786,44.7,6.8,0.46
311000357,151.4,0.4074,26.1,10.5,0.12
613447795,150.6,0.0,32.5,1.1,0.0
538011124,149.3,0.5,37.6,20.7,0.34
667002359,149.1,0.3235,59.2,4.6,0.03
215065000,148.5,0.4058,21.1,4.9,0.19
229094000,148.4,0.675,64.5,5.9,0.22
215307000,147.9,0.1923,19.8,8.0,0.08
667002293,146.1,0.1667,58.7,1.6,0.0
412245000,145.5,0.5122,45.6,5.2,0.06
636019358,145.3,0.6087,44.8,3.6,0.12
352005806,144.1,0.3871,49.8,5.8,0.11
538010321,143.1,0.297,15.0,10.7,0.29
273274080,142.3,0.0,5.4,2.8,0.01
311027500,141.6,0.383,12.6,10.2,0.12
273271320,141.5,0.84,66.2,17.7,0.11
667002004,141.1,0.54,61.5,6.8,0.32
613442815,141.0,0.0,0.4,15.8,0.04
667001235,140.2,0.3281,48.3,9.0,0.02
641000041,140.2,0.0,50.0,25.5,0.0
631010088,140.2,0.5435,50.2,9.6,0.34
372939000,139.3,0.3542,33.5,5.2,0.56
613442803,138.7,0.1111,9.3,10.0,0.01
256702000,138.4,0.5517,30.0,17.0,0.12
538005006,138.2,0.5532,19.7,5.6,0.2
538003608,137.8,0.7143,48.3,6.9,0.08
613511600,136.8,0.76,49.4,11.0,0.17
249746000,136.4,0.3654,15.0,8.9,0.25
238252000,135.8,0.4762,39.7,14.2,0.27
461000321,135.5,0.8125,49.6,24.0,0.17
371325000,135.5,0.5333,36.8,4.1,0.52
613541500,135.3,0.5,41.7,17.2,0.15
613511201,135.0,0.5909,40.8,3.9,0.09
750416000,135.0,0.0,2.1,8.7,0.0
636022405,134.7,0.5417,43.4,10.3,0.23
631010110,133.8,0.6047,48.5,20.7,1.06
538012094,133.5,0.5256,54.4,8.0,0.25
352005301,133.2,0.6,48.5,26.1,0.3
240547000,132.8,0.6667,36.2,6.4,0.27
667001627,132.7,0.6552,54.8,7.6,0.17
538008084,131.5,0.0,89.7,12.1,0.0
357449000,131.0,0.4,105.9,7.4,0.07
371499000,131.0,0.6667,41.6,5.2,0.16
403098000,131.0,0.1667,15.3,11.3,0.05
273254130,130.7,0.4324,59.1,19.7,0.12
636018917,130.5,0.7105,59.1,15.6,0.82
650630000,130.3,0.4474,44.5,5.6,0.12
352004150,130.1,0.193,29.4,2.3,0.16
613412600,130.0,0.32,41.8,12.1,0.0
355600000,129.9,0.5769,33.9,13.7,0.15
613271440,129.7,0.6438,44.0,11.7,0.3
461000187,129.7,0.6875,66.7,11.1,0.09
667002308,129.0,0.7742,54.8,3.0,0.34
563759000,129.0,0.0714,21.7,7.2,0.02
565949000,128.7,0.0741,21.7,9.4,0.07
240633000,128.5,0.6795,59.5,13.6,0.35
538008070,128.2,0.6333,50.2,15.1,0.34
311027600,127.6,0.3611,13.7,7.0,0.09
631010090,127.6,0.1875,29.7,20.1,0.05
423530100,127.5,0.1765,4.2,2.3,0.0
538012112,127.4,0.0758,54.7,10.9,0.63
311027400,126.2,0.45,13.7,3.3,0.1
613447202,126.1,0.3871,60.1,15.9,0.16
538006198,125.9,0.3462,35.8,13.1,0.06
273272850,125.7,0.5625,48.5,18.4,0.07
352005395,125.6,0.0,37.8,5.5,0.0
352179000,125.5,0.4752,59.1,6.7,0.28
461000282,124.7,0.3585,30.7,3.5,0.06
311039900,124.3,0.4714,59.3,11.1,0.28
419795000,123.6,0.1818,30.1,17.7,1.47
667001708,123.4,0.5469,48.5,14.4,0.2
667002260,122.6,0.1951,31.4,38.4,0.0
525121061,122.1,0.5,54.4,9.0,0.28
215068000,121.9,0.525,15.1,1.8,0.25
311000223,121.6,0.4808,34.9,6.8,0.09
248895000,120.9,0.5263,29.8,7.5,0.18
636017739,120.7,0.4375,15.2,2.4,0.1
613277600,120.2,0.5769,41.7,9.8,1.0
563216100,119.7,0.5185,54.7,4.1,0.17
538008320,119.7,0.3,34.4,6.5,0.23
525121027,119.1,0.1538,28.6,6.0,0.01
412493000,118.4,0.0259,32.2,2.4,0.1
309368000,118.4,0.7172,54.6,7.2,0.6
613004310,118.4,0.5902,62.7,16.8,0.35
273257910,117.7,0.9,70.7,14.9,0.47
636025005,116.9,0.6038,44.3,6.4,0.22
667001451,116.7,0.2208,48.7,8.0,0.23
268256504,116.3,0.0,0.5,11.5,0.0
314898000,116.1,0.2742,59.3,11.6,0.16
613003614,115.9,0.5747,59.5,9.6,0.21
215743000,115.6,0.4655,87.4,2.2,0.28
311000221,115.6,0.05,43.8,6.1,0.07
352004827,115.4,0.3444,33.8,13.8,0.25
371458000,115.1,0.5581,54.8,22.5,0.1
636025888,114.7,0.6071,43.9,5.6,0.09
352005769,114.4,0.5217,9.9,10.7,0.2
667001256,114.4,0.3621,60.4,11.4,0.1
667001997,113.6,0.6269,59.3,7.9,0.38
538006517,113.1,0.5294,59.1,5.8,1.25
229869000,113.1,0.2745,30.3,10.3,0.08
631010082,112.5,0.3714,43.7,10.0,0.3
613321600,112.5,0.8111,59.3,11.5,0.43
477607200,112.4,0.1304,26.5,9.0,0.05
636020835,111.5,0.4537,56.8,8.9,0.46
309518000,111.4,0.4118,25.6,9.7,0.24
574005510,111.4,0.5455,54.6,11.3,0.24
570292000,110.6,0.6,37.5,15.3,0.03
613511209,110.3,0.5484,59.3,7.6,0.06
538004518,109.3,0.4419,15.2,9.1,0.3
613007700,108.9,0.3889,13.1,15.9,0.03
667002061,108.8,0.4545,59.5,13.0,0.39
563326000,108.6,0.24,36.2,9.3,0.11
613522701,108.3,0.7,9.1,5.7,0.11
241408000,108.1,0.5636,48.3,12.5,0.23
461000235,108.1,0.7209,59.3,22.9,0.15
564329000,107.9,0.3548,39.9,17.4,0.15
461000246,107.9,0.6667,70.9,15.3,0.16
636019634,107.8,0.3478,15.2,1.7,0.12
538010229,107.4,0.4,15.8,10.7,0.4
613411502,106.9,0.8421,60.6,14.6,0.32
311000466,106.8,0.1731,57.0,5.1,0.15
314123000,106.6,0.56,12.8,15.5,0.27
273271850,106.6,0.6,59.2,21.1,0.19
574003890,106.4,0.3167,8.1,4.1,0.12
511101845,106.4,0.4396,25.8,15.3,0.23
235076282,106.3,0.4615,34.2,5.0,0.58
314001155,106.3,0.4444,59.3,23.4,0.17
273270560,106.1,0.4737,41.7,24.3,0.14
563221700,105.4,0.3571,76.2,13.3,0.06
636014069,105.3,0.44,22.4,8.4,0.09
461000247,105.1,0.5667,70.7,31.0,0.19
352005354,104.9,0.5435,59.4,12.2,0.3
636022945,104.6,0.4194,95.6,21.7,0.29
613741201,103.8,0.3673,19.3,9.1,0.11
461000237,103.4,0.5253,59.2,21.4,0.45
563216300,102.7,0.76,34.4,22.7,0.15
461000231,102.7,0.7313,37.6,8.6,0.81
352004759,102.5,0.25,50.0,8.0,0.1
352002241,102.5,0.7073,61.1,15.0,0.18
613661400,101.8,0.7222,61.2,22.7,0.26
613414707,101.4,0.52,59.3,24.8,0.03
352005899,101.2,0.5714,48.5,7.8,0.21
370066000,101.0,0.6056,80.0,6.1,0.41
613404821,101.0,0.5769,56.4,8.4,0.07
273259430,100.5,0.8571,70.7,8.9,0.23
403287000,100.2,0.0714,15.3,11.9,0.03
273275360,100.1,0.1207,61.2,10.3,1.96
613510201,99.8,0.6719,62.7,13.6,0.45
461000236,99.8,0.5294,60.0,8.8,0.25
667002240,99.6,0.4651,51.5,2.4,0.09
419001313,99.5,0.4375,72.3,18.3,0.1
352005654,99.0,0.4839,28.6,9.3,0.15
311015300,99.0,0.4615,43.4,4.2,0.4
215466000,98.8,0.5455,41.8,15.2,0.26
538009381,98.4,0.625,59.5,5.3,0.23
352005847,98.0,0.3836,50.9,15.1,0.11
613009690,97.4,0.2826,62.2,11.9,1.58
533133126,97.2,0.1562,28.9,11.2,0.11
667001248,96.9,0.2881,48.4,3.7,0.19
413281000,96.5,0.0833,20.3,12.0,0.05
613670000,96.5,0.4953,60.1,8.1,0.24
636011265,96.1,0.3607,37.6,2.8,0.24
463076101,95.7,0.3736,28.9,14.2,0.17
247275300,95.6,0.6316,33.2,4.7,0.45
525121002,95.5,0.7571,48.3,9.6,0.48
636018294,95.5,0.7865,59.5,8.7,0.46
461000249,95.2,0.0909,37.6,10.9,0.07
273279660,95.2,0.5758,59.1,34.3,0.27
667001255,95.2,0.2985,60.4,4.3,0.19
567599000,95.2,0.0526,12.1,14.5,0.05
613271610,95.1,0.0965,52.8,14.7,0.13
667001270,94.8,0.5357,49.5,19.7,0.54
511101926,94.6,0.3898,54.6,12.2,1.1
613710000,94.6,0.44,48.5,9.5,0.23
636021733,94.3,0.6038,59.1,16.0,0.24
273272530,94.0,0.3684,13.2,6.0,0.1
636025638,93.7,0.5,59.3,28.1,0.16
238250000,93.5,0.3279,15.2,15.8,0.12
419794000,93.1,0.155,20.1,13.7,0.21
636013708,93.0,0.7083,54.0,7.7,0.56
636021009,92.9,0.4194,87.2,13.1,0.2
273251810,92.8,0.7368,70.7,19.4,0.25
650610000,92.6,0.1429,19.6,24.1,0.0
636025194,92.2,0.5857,51.7,16.0,0.31
461000258,91.7,0.5682,70.6,13.6,0.21
273615700,91.6,0.0,0.9,2.9,0.03
374987000,91.4,0.6279,61.1,35.3,0.28
461000252,91.4,0.5078,61.4,14.7,0.7
256812000,91.0,0.449,23.0,8.9,0.19
219760000,90.8,0.1176,61.1,11.2,0.03
461000256,90.5,0.4104,70.5,11.7,0.52
248993000,90.2,0.4286,59.1,9.1,0.35
352004997,90.2,0.3636,59.3,19.7,0.22
636091686,90.0,0.3611,48.9,13.6,0.14
538004638,89.7,0.0667,19.7,10.3,0.03
419473000,89.5,0.1159,17.0,1.3,0.05
311027700,89.5,0.35,14.8,12.4,0.06
255806213,89.4,0.7727,12.8,13.7,0.1
667002270,89.0,0.2364,48.3,16.1,0.03
273259230,89.0,0.119,13.4,12.1,0.02
613411300,88.9,0.4483,13.3,1.0,0.2
419474000,88.9,0.1364,15.7,6.5,0.12
273270320,88.8,0.1667,41.8,24.5,0.07
307025000,88.7,0.481,43.6,8.5,0.35
613271404,88.5,0.5915,49.4,20.9,0.4
629009826,88.4,0.2,1.0,1.0,0.04
273277060,88.3,0.6279,70.7,31.8,0.14
352898728,88.2,0.1,0.1,15.2,0.0
613223700,86.8,0.3864,9.1,7.0,0.08
636015526,86.5,0.3523,21.5,6.4,0.16
352005520,86.0,0.5775,54.6,15.7,0.32
461000320,85.5,0.5526,49.7,13.3,0.18
273276660,85.2,0.7619,70.9,88.0,0.54
538008327,85.2,0.2449,34.7,5.6,0.4
533133214,85.2,0.0312,6.1,6.2,0.04
613321501,85.0,0.439,19.6,15.1,0.03
352004905,84.9,0.4583,41.6,9.9,0.04
632001090,84.7,0.3788,41.7,4.6,0.1
352005437,84.5,0.6364,48.5,15.8,0.47
477215100,83.7,0.7105,59.6,22.4,0.23
461000219,83.5,0.2381,41.7,13.9,0.11
613442258,83.5,1.0,25.7,13.4,0.72
352002786,83.2,0.6322,50.6,9.6,0.34
314679000,82.7,0.0571,2.1,19.7,0.05
631010073,82.6,0.6,48.5,17.9,0.51
613003573,82.5,0.5882,61.1,20.3,0.19
306884000,81.7,0.025,28.2,4.6,0.04
352005425,81.2,0.5577,59.3,14.1,0.11
273264760,81.0,0.45,22.0,7.8,0.21
311046300,80.9,0.2239,85.1,9.0,0.73
311000224,80.9,0.122,35.1,5.9,0.07
538003526,80.0,0.3976,80.6,11.1,0.44
538011948,79.9,0.0714,29.2,4.5,0.02
215497000,79.9,0.6235,87.3,7.4,0.63
636022406,79.7,0.2658,28.4,15.1,0.15
273277840,79.4,0.5833,48.5,17.7,0.33
461000255,79.4,0.4179,70.3,16.3,0.44
370455000,78.9,0.2444,57.9,1.3,0.15
613829601,78.4,0.5714,61.0,16.3,0.17
667001798,78.2,0.6042,48.3,15.1,0.23
240657000,77.9,0.4388,59.5,11.3,0.44
613489900,77.9,0.7143,16.8,6.1,0.36
314102000,77.7,0.3333,59.0,2.3,0.11
306689000,77.5,0.0,35.6,35.8,0.0
525119160,77.2,0.0,45.9,6.1,0.0
525008061,76.6,0.075,11.0,29.8,0.04
538004508,76.4,0.4382,15.7,8.4,0.29
413280000,75.9,0.075,19.6,11.6,0.01
613407803,75.4,0.25,3.9,8.5,0.0
636024970,75.3,0.3721,50.6,6.6,0.22
667001611,75.2,0.56,59.2,34.7,0.13
622108300,75.2,0.0566,4.6,11.4,0.01
667002072,75.1,0.2843,48.6,11.6,0.3
215401000,75.1,0.6923,33.8,11.2,0.15
311013400,74.7,0.7188,44.1,10.3,0.4
667001672,74.5,0.2083,50.1,22.5,0.18
622120921,74.5,0.0727,4.1,12.1,0.02
235076272,74.2,0.2679,33.0,8.1,0.35
235076283,74.1,0.4397,34.1,9.7,0.7
477192100,73.6,0.8,76.9,5.2,2.7
750931000,73.4,0.3939,26.3,57.3,2.07
667001617,73.3,0.4231,44.3,5.1,0.07
273258030,73.2,0.7241,71.5,11.8,0.29
248884000,73.2,0.3545,43.5,21.6,0.28
613702110,72.9,0.3696,59.3,15.2,0.09
636013683,72.6,0.2841,75.7,6.7,0.14
636011267,72.6,0.25,7.0,6.5,0.09
376989000,72.5,0.5556,9.1,11.4,0.33
352005238,72.4,0.6145,56.6,15.8,0.29
525108035,72.1,0.0714,13.4,18.5,0.06
636022972,72.1,0.4302,43.8,5.0,0.23
622120925,71.7,0.0694,4.0,5.7,0.03
273251530,71.7,0.3871,59.5,21.5,0.05
273270180,71.2,0.3043,30.5,58.4,0.22
352002775,71.2,0.4946,54.6,21.7,0.49
538012620,71.1,0.4857,96.4,21.5,1.51
622120926,70.6,0.0686,4.0,11.9,0.03
636017134,70.6,0.5714,59.5,10.8,0.14
667002026,70.3,0.6,60.7,15.4,0.45
351206000,70.1,0.0909,81.9,14.7,0.0
352002063,70.1,0.6721,58.8,7.5,0.26
273275850,70.1,0.2424,9.6,19.9,0.23
632001123,70.1,0.1343,6.4,11.1,0.06
667002520,70.1,0.6098,41.6,13.1,0.15
273273360,69.5,0.36,13.1,8.5,0.1
574004420,69.3,0.6809,70.9,8.8,0.3
667002284,69.3,0.4324,58.8,19.8,0.1
667002211,69.2,0.3281,49.2,37.8,0.16
613411302,69.1,0.5957,59.1,21.5,0.18
248964000,69.1,0.5963,42.7,3.5,0.55
538007646,68.9,0.6154,21.9,8.7,0.44
255915925,68.8,0.5169,56.8,4.7,0.44
667002544,68.8,0.0833,38.5,5.8,0.05
370309000,68.6,0.2414,81.3,18.6,0.12
341386002,68.6,0.1304,52.0,9.0,0.0
419471000,68.5,0.1727,16.9,4.9,0.12
613471602,68.1,0.7761,61.1,14.4,0.52
352002243,68.1,0.6885,59.0,10.0,0.55
636023696,68.0,0.5938,59.2,9.4,0.19
357044000,67.9,0.4194,5.1,10.6,0.59
533133106,67.6,0.3441,12.1,10.8,0.61
667001281,67.4,0.5149,49.5,7.5,0.36
273278850,67.4,0.4038,21.9,7.0,0.09
613003591,67.4,0.0588,41.4,14.0,0.01
249747000,67.0,0.6818,47.7,12.3,0.42
314001114,67.0,0.0211,16.4,28.8,0.0
461000330,66.9,0.6449,25.7,6.7,0.72
613322700,66.9,0.5676,41.9,10.6,0.4
667002409,66.9,0.3846,40.4,16.3,0.02
667002086,66.8,0.4444,24.5,13.4,0.12
419758000,66.6,0.35,40.7,6.8,0.2
667002321,66.0,0.2778,59.2,15.3,0.14
240891000,65.9,0.6064,28.8,14.4,0.68
538012016,65.8,0.2952,59.1,9.3,0.26
613469620,65.5,0.2086,54.6,22.5,0.22
679881009,65.4,0.1875,37.0,34.4,0.02
613902604,65.4,0.549,41.7,12.1,0.14
632001154,65.4,0.6279,47.3,14.5,0.25
636021867,65.4,0.4722,59.7,9.1,0.19
636014378,65.4,0.619,39.7,6.1,0.41
667002021,65.3,0.3462,60.3,27.4,0.03
613503100,65.3,0.5545,9.9,8.4,0.31
667002283,65.1,0.3012,70.6,10.3,0.14
636016275,64.9,0.7419,43.2,4.3,0.77
413770000,64.6,0.2162,94.2,11.1,0.06
667001258,64.4,0.4653,59.1,11.8,0.45
525119057,64.4,0.2254,10.1,2.1,0.11
419472000,63.9,0.0943,9.8,1.7,0.07
636019903,63.9,0.4154,54.7,10.7,0.29
273273160,63.5,0.7143,71.2,32.5,0.49
679881010,63.3,0.0,16.4,4.1,0.0
354290000,63.1,0.7609,59.6,7.1,0.25
525119203,62.9,0.04,13.4,32.7,0.0
273273460,62.9,0.0769,41.7,21.7,0.01
461000370,62.9,0.6778,49.3,16.8,0.69
538003322,62.8,0.4557,102.3,7.0,0.33
563216500,62.7,0.4667,87.8,5.3,0.09
538012456,62.1,0.6667,34.6,40.0,0.32
677066300,62.0,0.1058,37.0,1.7,0.09
538012308,61.9,0.3088,23.7,2.8,0.47
525119111,61.9,0.1111,11.4,17.1,0.14
613271403,61.8,0.7981,55.4,24.6,0.55
511100461,61.1,0.0194,8.8,9.9,0.01
419797000,60.9,0.3023,25.4,16.2,0.18
632001131,60.8,0.4857,38.7,10.5,2.2
636016093,60.7,0.488,27.4,3.8,0.4
632001132,60.5,0.375,37.3,21.6,0.11
314001157,60.4,0.6098,9.0,9.8,0.38
461000285,60.2,0.3058,59.2,19.3,0.2
240565000,60.1,0.7143,35.5,20.6,0.35
463047101,60.0,0.2947,27.2,19.3,1.25
667001237,59.8,0.4783,48.3,4.4,0.63
314105000,59.7,0.3125,38.1,2.5,0.1
620999912,59.5,0.411,40.9,25.3,0.72
667002024,59.5,0.4842,59.3,4.4,0.29
613411510,59.3,0.2667,32.2,16.6,0.27
667001949,59.3,0.381,29.6,12.3,0.37
525121004,59.0,0.0682,13.3,30.4,0.07
631010102,59.0,0.5745,59.3,20.3,0.25
667002022,58.6,0.5833,41.6,8.8,0.12
525008066,58.1,0.1781,13.1,17.1,0.13
241367000,58.0,0.3478,44.6,8.6,0.09
311000460,57.9,0.4267,60.3,4.0,0.36
570299000,57.6,0.0513,37.1,5.2,0.02
273272770,57.5,0.35,30.5,26.7,0.03
352002521,57.4,0.4937,59.1,5.5,0.33
613447803,57.4,0.0,33.6,104.6,0.0
511101917,57.3,0.1164,30.8,2.8,0.11
667001290,56.8,0.4667,49.3,17.6,0.29
210241000,56.8,0.2887,12.1,13.7,0.37
352314000,56.7,0.0444,7.0,66.1,0.0
613327400,56.1,0.5588,44.3,10.7,0.4
613881500,56.1,0.675,61.1,50.6,2.17
667001245,55.5,0.35,48.5,8.5,0.24
538007962,55.5,0.25,65.4,14.4,0.18
631010086,54.8,0.5588,32.4,27.1,0.49
240447000,54.8,0.6018,41.6,10.4,0.69
273271070,54.8,0.5263,59.6,16.8,0.13
632001158,54.8,0.5,41.0,21.9,0.01
613471903,54.5,0.708,60.9,6.4,0.79
647553032,54.4,0.2941,25.5,25.2,0.12
311000279,54.2,0.3636,79.8,7.4,0.18
613290000,54.1,0.0909,9.8,4.7,0.05
525119077,54.1,0.0204,13.2,75.7,0.06
235076275,54.0,0.5584,80.7,12.5,0.33
563353000,53.6,0.6277,25.8,14.0,0.45
538003882,53.5,0.4805,77.2,10.6,0.52
477227900,53.4,0.5,35.2,17.4,0.11
356075000,53.3,0.5513,94.7,10.0,0.42
631010081,53.1,0.9535,109.7,18.2,1.12
613472010,53.0,0.5,44.2,5.4,0.23
273255820,52.8,0.4203,13.7,7.6,0.33
419756000,52.8,0.2439,33.7,10.9,0.17
667001249,52.6,0.4576,54.6,10.4,0.26
350652000,52.3,0.3913,34.0,13.7,0.35
636013611,52.0,0.4894,89.5,3.3,0.4
563216200,51.6,0.7,64.9,6.4,0.37
314001154,51.0,0.52,41.6,9.8,0.31
636015150,50.8,0.3882,44.7,5.8,0.23
613442818,50.7,0.0,0.4,15.3,0.0
273250930,50.6,0.7733,70.7,10.8,0.41
538003450,50.5,0.7273,45.7,8.3,0.47
240944000,50.3,0.0756,20.1,7.7,0.07
649136000,50.1,0.6032,106.8,18.8,0.69
667002291,50.0,0.5484,56.0,22.3,0.37
632001155,50.0,0.725,59.3,17.0,0.26
650000122,49.5,0.5,36.2,19.5,0.0
631010103,49.4,0.7872,77.9,6.0,0.51
631010085,49.3,0.8571,35.4,10.0,0.18
613404110,49.2,0.8367,56.3,17.6,0.51
312868800,49.0,0.0,7.0,999.0,0.0
273264590,48.6,0.5652,9.7,20.3,0.23
647553027,48.6,0.2222,35.6,5.8,0.0
667002335,48.5,0.5682,59.1,6.2,0.21
525100241,48.5,0.3544,11.2,13.6,0.31
667001252,48.4,0.6471,71.0,20.3,0.53
352006683,48.4,0.1538,31.3,4.1,0.05
518998343,48.0,0.0,4.8,32.3,0.0
613881404,47.9,0.5667,60.5,24.5,0.29
314115000,47.5,0.4348,48.4,26.9,0.27
613667000,47.3,0.3761,54.8,9.4,0.43
538010103,47.1,0.7727,114.6,8.8,0.33
613471902,46.8,0.5455,33.3,9.5,0.3
461000260,46.8,0.3918,59.2,15.9,0.28
538012078,46.7,0.2087,48.5,14.4,0.21
636017817,46.7,0.3725,12.1,15.8,0.43
667001321,46.7,0.4507,59.3,4.9,0.21
273619700,46.6,0.0,1.3,12.2,0.04
352005486,46.5,0.56,50.5,22.8,0.35
631010100,46.3,0.557,59.1,9.6,0.2
667002468,46.1,0.5714,19.7,5.9,0.85
570389201,45.7,0.4872,36.9,2.4,0.27
629009452,45.2,0.0625,22.5,35.8,1.48
629009500,44.5,0.5052,55.7,35.9,0.41
613961020,44.3,0.5287,60.1,38.9,0.43
613445605,44.3,0.6471,60.0,25.7,0.94
636019833,43.9,0.1259,25.6,12.9,0.1
249078000,43.8,0.5833,22.1,14.0,0.2
538002662,43.7,0.3088,58.8,6.3,0.13
636015349,43.7,0.4298,36.5,11.5,0.83
419001990,42.8,0.5909,90.8,11.3,0.9
273277180,42.6,0.5625,47.8,39.1,0.38
511101914,42.5,0.6481,41.7,10.2,1.29
574006350,42.3,0.4355,67.9,10.6,0.35
314001132,42.0,0.3269,59.1,39.6,0.13
631010070,40.9,0.6957,31.3,14.4,0.76
419796000,40.2,0.1279,28.9,12.2,0.01
677100200,40.0,0.0923,36.7,0.6,0.06
352005852,39.5,0.5435,59.3,15.9,0.52
657983350,39.2,0.0,0.1,7.9,0.01
413975000,39.2,0.2133,71.9,11.4,0.25
351075000,39.2,0.1,74.7,17.7,0.16
667001287,38.2,0.5,49.3,5.2,0.38
273275260,38.0,0.5802,71.0,61.9,0.43
632001134,38.0,0.0682,38.5,10.7,0.7
306761000,38.0,0.0085,2.2,12.4,0.02
352002809,37.9,0.4634,59.3,7.5,0.22
613277601,37.5,0.4154,51.0,39.3,0.86
354306000,37.4,0.5732,43.9,9.2,0.42
650000125,37.3,0.1786,37.5,11.0,0.25
650000121,37.0,0.5172,107.4,19.7,0.49
632001124,36.8,0.2727,4.7,11.0,0.04
511102028,36.3,1.0,40.7,40.5,0.91
352004832,36.3,0.7692,46.3,8.4,0.47
422182000,36.1,1.0,5.2,85.1,1.2
667002070,35.9,0.4961,54.7,32.7,0.43
352003303,35.4,0.7326,80.1,7.3,0.54
311002228,35.4,0.4545,9.0,7.6,0.82
667002271,35.4,0.2963,59.2,17.1,0.49
667001407,35.0,0.4917,60.9,15.3,0.56
636019167,35.0,0.7059,57.1,5.3,0.7
613445621,34.8,0.3269,44.3,16.3,0.14
352002704,34.3,0.0,0.1,7.8,0.0
570314000,33.8,0.0,36.4,33.1,0.0
632001096,33.5,0.0,17.8,46.2,0.0
314001105,33.5,0.2571,42.3,10.9,0.09
636019327,33.5,0.5652,95.7,11.9,0.39
311040100,33.4,0.7604,38.1,9.4,0.79
631010071,33.0,0.5,41.6,37.3,0.38
273271560,33.0,0.1111,4.5,28.6,0.0
525119136,32.8,0.1653,13.3,28.2,0.27
273278070,32.5,0.3889,12.8,37.8,0.09
570389000,32.3,0.4286,37.6,4.9,0.37
650000116,32.1,0.3,104.7,14.1,0.78
655081771,31.5,0.0,32.2,20.4,0.0
667002294,30.2,0.1,38.7,28.0,0.0
613277612,30.1,0.0,1.2,2.5,0.0
613464706,29.9,0.3452,64.5,8.2,0.94
631010091,29.2,0.6071,50.2,10.2,1.06
671554100,29.1,0.0,41.4,14.9,0.0
550167011,27.9,0.0526,2.1,21.1,0.02
667002277,27.2,0.6263,49.0,27.5,1.11
538003617,26.6,0.6356,93.4,16.9,0.81
620999909,26.4,0.1026,24.8,3.4,0.37
679881013,26.0,0.0606,16.7,10.4,0.19
632001147,25.9,0.8269,37.6,16.9,1.43
647553034,25.8,0.2667,37.9,18.9,1.14
538008380,25.7,0.0,0.4,4.9,0.0
613007200,24.3,0.6413,61.7,4.4,0.81
667002372,23.8,0.25,39.7,5.7,1.21
620800030,22.7,0.0,0.3,7.4,0.0
667001512,22.0,0.0,0.0,8.0,0.0
372171000,21.7,0.0,2.1,2.7,0.0
750777000,21.4,0.6757,35.9,12.4,0.12
273274460,20.9,0.0,1.1,22.4,0.0
750062000,20.9,0.6667,28.6,246.8,0.0
306670000,20.8,0.3571,28.2,5.7,0.09
273277290,20.0,0.3636,25.9,68.5,0.11
632001101,19.9,0.0312,28.4,1.4,0.0
273272460,19.8,0.0,1.1,5.7,0.0
655280000,19.1,0.8182,21.9,4.2,0.27
655071176,18.1,1.0,13.3,282.0,1.88
613938500,17.6,0.0856,36.0,18.0,0.15
352209000,16.1,0.0,0.1,0.9,0.0
636021407,16.0,0.0,0.1,83.7,0.0
525119176,15.7,0.0556,28.9,5.4,0.17
613442851,14.9,0.9231,35.9,5.6,2.32
667001496,14.7,0.3,41.5,15.1,0.33
667002307,14.6,0.0,1.1,38.9,0.0
629009400,13.3,0.6667,3.6,0.1,0.71
775181000,13.1,0.0357,2.2,8.1,0.02
613003709,13.0,0.0,14.0,35.7,0.0
630001052,12.3,0.0,0.0,481.3,0.0
629009508,11.3,0.8,7.8,31.6,0.09
273279360,11.3,0.05,2.1,17.5,0.04
750013000,11.0,0.0,0.8,95.8,0.0
461000286,10.3,0.0,1.2,11.6,0.0
323143000,9.9,0.2093,2.6,1.3,0.11
273273670,9.9,0.0303,2.0,63.6,0.0
374867000,9.8,0.0323,3.1,6.1,0.03
750064162,9.1,0.6667,8.2,180.4,0.01
655180000,8.7,0.2188,27.6,66.6,0.08
304993000,7.8,0.0497,29.1,4.0,0.1
422181000,7.1,0.0323,1.6,8.9,0.02
613442790,6.8,0.125,19.5,164.3,0.31
671265100,6.2,0.0,2.0,51.7,0.0
610000033,5.6,0.0,1.7,719.3,0.0
775091000,4.8,0.1667,34.2,999.0,6.93
632001087,4.5,0.0,1.3,8.5,0.0
306724000,3.8,0.1538,32.9,208.9,0.17
422056300,3.5,0.0,0.0,999.0,0.0
273398330,3.2,0.4444,0.3,1.2,0.13
273279460,2.7,0.0,0.2,151.9,0.0
352873000,2.5,0.3889,41.1,52.8,1.18
775090000,2.5,0.0,0.0,640.1,0.0
621819083,2.4,0.6667,8.0,999.0,0.19
655990000,2.2,0.1163,30.5,1172.0,0.08
352001461,1.8,1.0,19.0,11.0,1.74
620800046,1.6,0.0,1.1,121.1,0.0
525008029,0.7,0.8,36.8,0.0,0.98
533133251,0.7,0.0,0.1,96.1,0.0
668116325,0.6,0.6667,0.9,1.0,0.02
352002495,0.4,1.0,18.4,999.0,0.33
466244000,0.4,0.0208,1.5,999.0,0.05
636023362,0.3,0.0155,14.3,999.0,0.25
352002070,0.3,0.0189,1.3,999.0,0.03
273277360,0.2,0.5,0.1,0.4,0.01
636026561,0.2,1.0,21.7,999.0,0.18
613011000,0.0,0.0,0.0,999.0,0.0
525008039,0.0,0.0,0.0,999.0,0.0
525021322,0.0,0.0,0.0,999.0,0.0
574005540,0.0,0.0,0.0,999.0,0.0
525019644,0.0,0.0,0.0,999.0,0.0
525100654,0.0,0.0,0.0,999.0,0.0
352003485,0.0,0.5,27.6,999.0,1.44
352332000,0.0,0.0,0.0,999.0,0.0
352421000,0.0,0.0,0.0,999.0,0.0
352700000,0.0,0.0,0.1,999.0,0.0
352189000,0.0,0.0,0.0,999.0,0.0
525021310,0.0,0.0,0.0,999.0,0.0
341618001,0.0,0.0,0.0,0.0,0.0
636017748,0.0,0.0,0.0,999.0,0.0
352001732,0.0,0.0,0.0,0.0,0.0
352001616,0.0,0.0,0.0,0.0,0.0
655130000,0.0,0.0,0.0,999.0,0.0
525701879,0.0,0.0,0.0,999.0,0.0
636026516,0.0,0.0,0.0,999.0,0.0
650000303,0.0,0.0,0.0,999.0,0.0
533133159,0.0,0.0,0.0,999.0,0.0
668116314,0.0,0.0,0.0,0.0,0.0
