mmsi,ship_name,imo,country,operator,build_year,ship_type,deadweight,source,match_score,match_reason,sdn_number,sdn_name,sdn_type,sdn_program,sdn_country,sdn_remarks,sdn_extra
613442803,Aether,9328170,Cameroon,Undisclosed,2007.0,LR2 TNKR,0000-00-00,archive,100,IMO=9328170,54808,AETHER,vessel,IRAN-EO13902,Panama,-0- ,Vessel Year of Build 2007; Vessel Registration Identification IMO 9328170; MMSI 352002230; Linked To: THE ZULU SHIPS MANAGEMENT AND OPERATION - SOLE PROPRIETORSHIP L.L.C.
620999422,Agni,9337389,Comoros,Irtysh Shipping Inc,2007.0,AFRAMAX TNKR,0000-00-00,archive,100,IMO=9337389,48417,GLAUCUS,vessel,SDGT,Comoros,-0- ,"Secondary sanctions risk: section 1(b) of Executive Order 13224, as amended by Executive Order 13886; Vessel Registration Identification IMO 9337389; MMSI 620999422; Linked To: OCEANLINK MARITIME DMCC."
273273460,Akcent,9381732,Russia,Undisclosed,2008.0,LR2 TNKR,0000-00-00,archive,100,IMO=9381732,47216,HS BURAQ,vessel,RUSSIA-EO14024,Liberia,-0- ,Secondary sanctions risk: See Section 11 of Executive Order 14024.; Vessel Registration Identification IMO 9381732; MMSI 636022364; Linked To: HENNESEA HOLDINGS LIMITED.
273273670,Akhill,9410870,Russia,Global Seaway,2008.0,LR2 TNKR,0000-00-00,archive,100,IMO=9410870,47218,HS EVERETT,vessel,RUSSIA-EO14024,Liberia,-0- ,Secondary sanctions risk: See Section 11 of Executive Order 14024.; Vessel Registration Identification IMO 9410870; MMSI 636022403; Linked To: HENNESEA HOLDINGS LIMITED.
273271560,Akkord,9259599,Russia,Hennesea Holdings,2003.0,AFRAMAX TNKR,0000-00-00,archive,100,IMO=9259599,47214,HAI II,vessel,RUSSIA-EO14024,Liberia,-0- ,Secondary sanctions risk: See Section 11 of Executive Order 14024.; Vessel Registration Identification IMO 9259599; MMSI 636016693; Linked To: HENNESEA HOLDINGS LIMITED.
273273360,Aksel,9410894,Russia,Undisclosed,2009.0,LR2 TNKR,0000-00-00,archive,100,IMO=9410894,47217,HS ESBERG,vessel,RUSSIA-EO14024,Liberia,-0- ,Secondary sanctions risk: See Section 11 of Executive Order 14024.; Vessel Registration Identification IMO 9410894; MMSI 636022386; Linked To: HENNESEA HOLDINGS LIMITED.
750931000,Ala,9198094,Guyana,Bluespectrum Shipping,2000.0,AFRAMAX TNKR,0000-00-00,archive,100,IMO=9198094,51849,JOEL,vessel,SDGT,Palau,-0- ,"Secondary sanctions risk: section 1(b) of Executive Order 13224, as amended by Executive Order 13886; Vessel Registration Identification IMO 9198094; MMSI 511101321; Linked To: BLUESPECTRUM SHIPPING S.A."
650000125,Alba,9268112,Mozambique,Crystal Gas,2003.0,AFRAMAX TNKR,0000-00-00,archive,100,IMO=9268112,51647,OLIA,vessel,UKRAINE-EO13662] [IRAN-EO13846] [RUSSIA-EO14024,Unknown,-0- ,"Former Vessel Flag Gabon; Secondary sanctions risk: See Section 11 of Executive Order 14024.; alt. Secondary sanctions risk: Ukraine-/Russia-Related Sanctions Regulations, 31 CFR 589.201 and/or 589.209; Vessel Year of Build 2003; Vessel Registration Identification IMO 9268112; MMSI 626450000; Linked"
273277360,Algoritm,9299745,Russia,Julius Capital,2006.0,LR2 TNKR,0000-00-00,archive,100,IMO=9299745,47215,HS ARGE,vessel,RUSSIA-EO14024,Liberia,-0- ,Secondary sanctions risk: See Section 11 of Executive Order 14024.; Vessel Registration Identification IMO 9299745; MMSI 636022360; Linked To: HENNESEA HOLDINGS LIMITED.
650000122,Altaris Wolf,9237412,Mozambique,Undisclosed,2004.0,AFRAMAX TNKR,0000-00-00,archive,100,IMO=9237412,53137,SEASKY,vessel,IRAN-EO13902,San Marino,-0- ,"Vessel Registration Identification IMO 9237412; MMSI 268242902; Linked To: SEASKY MARINE CO., LIMITED."
352001387,Amber 6,9235713,Panama,Sunne,2003.0,AFRAMAX TNKR,0000-00-00,archive,100,IMO=9235713,51674,AMBER 6,vessel,UKRAINE-EO13662] [RUSSIA-EO14024,Panama,-0- ,"Secondary sanctions risk: See Section 11 of Executive Order 14024.; alt. Secondary sanctions risk: Ukraine-/Russia-Related Sanctions Regulations, 31 CFR 589.201 and/or 589.209; Vessel Registration Identification IMO 9235713; MMSI 352001387; Linked To: SUNNE CO LIMITED."
629009452,Amell,9257993,Gambia,Shanghai VIII Maritime,2003.0,AFRAMAX TNKR,0000-00-00,archive,100,IMO=9257993,52379,MISTRAL 1,vessel,UKRAINE-EO13662] [RUSSIA-EO14024,San Marino,-0- ,"Secondary sanctions risk: See Section 11 of Executive Order 14024.; alt. Secondary sanctions risk: Ukraine-/Russia-Related Sanctions Regulations, 31 CFR 589.201 and/or 589.209; Vessel Registration Identification IMO 9257993; MMSI 268249200; Linked To: ODINE MARINE INCORPORATED."
647553032,Amie,9233234,Madagascar,Amie Marine,2002.0,AFRAMAX TNKR,0000-00-00,archive,100,IMO=9233234,54050,ELOISE,vessel,IRAN-EO13846,Gabon,-0- ,Vessel Year of Build 2002; Vessel Registration Identification IMO 9233234; MMSI 626143000; Linked To: VROOM MARINE VENTURE FZE.
0,Anika,9305609,Unknown,Imperial Shipping International,2006.0,LR2 TNKR,0000-00-00,archive,100,IMO=9305609,51837,CELINE,vessel,SDGT,Panama,-0- ,"Secondary sanctions risk: section 1(b) of Executive Order 13224, as amended by Executive Order 13886; Vessel Registration Identification IMO 9305609; MMSI 352001369; Linked To: SALINA SHIP MANAGEMENT PVT LTD."
273271070,Antares,9322827,Russia,Global Seaway,2006.0,AFRAMAX TNKR,0000-00-00,archive,100,IMO=9322827,47225,PERIA,vessel,RUSSIA-EO14024,Liberia,-0- ,Secondary sanctions risk: See Section 11 of Executive Order 14024.; Vessel Registration Identification IMO 9322827; MMSI 636022479; Linked To: HENNESEA HOLDINGS LIMITED.
273251530,Antarktika,9413559,Russia,Novoship,2009.0,LR2 TNKR,0000-00-00,archive,100,IMO=9413559,46972,NS ANTARCTIC,vessel,RUSSIA-EO14024,Gabon,-0- ,Secondary sanctions risk: See Section 11 of Executive Order 14024.; Vessel Registration Identification IMO 9413559; MMSI 626372000; Linked To: JOINT STOCK COMPANY SOVCOMFLOT.
422056600,Apama,9187631,Iran,NITC,2000.0,AFRAMAX TNKR,0000-00-00,archive,100,IMO=9187631,15040,APAMA,vessel,IRAN,Iran,-0- ,Former Vessel Flag Tuvalu; alt. Former Vessel Flag Malta; Additional Sanctions Information - Subject to Secondary Sanctions; Vessel Registration Identification IMO 9187631; MMSI 256845000; Linked To: NATIONAL IRANIAN TANKER COMPANY.
273278070,Apeks,9274616,Russia,Undisclosed,2004.0,AFRAMAX TNKR,0000-00-00,archive,100,IMO=9274616,47221,LA PRIDE,vessel,RUSSIA-EO14024,Liberia,-0- ,Secondary sanctions risk: See Section 11 of Executive Order 14024.; Vessel Registration Identification IMO 9274616; MMSI 636022251; Linked To: HENNESEA HOLDINGS LIMITED.
631010081,Apple,9271327,Equatorial Guinea,North Star Shipping,2003.0,AFRAMAX TNKR,0000-00-00,archive,100,IMO=9271327,51763,CUP,vessel,UKRAINE-EO13662] [RUSSIA-EO14024,Antigua & Barbuda,-0- ,"Secondary sanctions risk: See Section 11 of Executive Order 14024.; alt. Secondary sanctions risk: Ukraine-/Russia-Related Sanctions Regulations, 31 CFR 589.201 and/or 589.209; Vessel Registration Identification IMO 9271327; MMSI 304768000; Linked To: BLUEJOURNEY SHIPPING LIMITED."
613445621,Aqua Live,9282792,Cameroon,Vicens Marine,2004.0,AFRAMAX TNKR,0000-00-00,archive,100,IMO=9282792,56902,AQUA LIVE,vessel,IRAN-EO13846,Aruba,-0- ,Vessel Year of Build 2004; Vessel Registration Identification IMO 9282792; MMSI 307031000; Linked To: VICENS MARINE CO.
631010100,Aquatica,9299769,Equatorial Guinea,Tafatafa Enclave,2005.0,AFRAMAX TNKR,0000-00-00,archive,100,IMO=9299769,51689,AQUATICA,vessel,UKRAINE-EO13662] [RUSSIA-EO14024,Panama,-0- ,"Secondary sanctions risk: See Section 11 of Executive Order 14024.; alt. Secondary sanctions risk: Ukraine-/Russia-Related Sanctions Regulations, 31 CFR 589.201 and/or 589.209; Vessel Registration Identification IMO 9299769; MMSI 352004367; Linked To: CELESTIAL STAR CORPORATION."
511100508,Ar Mz,9232450,nan,Undisclosed,2002.0,LR2 TNKR,0000-00-00,archive,100,IMO=9232450,48183,RENEEZ,vessel,SDGT,Palau,-0- ,"Secondary sanctions risk: section 1(b) of Executive Order 13224, as amended by Executive Order 13886; Vessel Registration Identification IMO 9232450; MMSI 511100508; Linked To: RENEEZ SHIPPING LIMITED."
461000247,Arcadia,9413573,Oman,Novoship,2009.0,LR2 TNKR,0000-00-00,archive,100,IMO=9413573,51758,ATLAS,vessel,UKRAINE-EO13662] [RUSSIA-EO14024,Barbados,-0- ,"Secondary sanctions risk: See Section 11 of Executive Order 14024.; alt. Secondary sanctions risk: Ukraine-/Russia-Related Sanctions Regulations, 31 CFR 589.201 and/or 589.209; Vessel Registration Identification IMO 9413573; MMSI 314895000; Linked To: STREAM SHIP MANAGEMENT FZCO."
668116314,Areia,9321847,Sao Tome & Principe,Sunne,2006.0,AFRAMAX TNKR,0000-00-00,archive,100,IMO=9321847,51697,EMILY S,vessel,UKRAINE-EO13662] [RUSSIA-EO14024,Panama,-0- ,"Secondary sanctions risk: See Section 11 of Executive Order 14024.; alt. Secondary sanctions risk: Ukraine-/Russia-Related Sanctions Regulations, 31 CFR 589.201 and/or 589.209; Vessel Registration Identification IMO 9321847; MMSI 352001452; Linked To: SUNNE CO LIMITED."
422182000,Argo I,9187667,Iran,NITC,2000.0,AFRAMAX TNKR,0000-00-00,archive,100,IMO=9187667,15038,ARGO I,vessel,IRAN,Iran,-0- ,Former Vessel Flag Malta; alt. Former Vessel Flag Tuvalu; alt. Former Vessel Flag Tanzania; Additional Sanctions Information - Subject to Secondary Sanctions; Vessel Registration Identification IMO 9187667; a.k.a. 'CHRISTINA'; Linked To: NATIONAL IRANIAN TANKER COMPANY.
422181000,Ark 3,9187655,Iran,NITC,2000.0,AFRAMAX TNKR,0000-00-00,archive,100,IMO=9187655,15037,ARK III,vessel,IRAN,Iran,-0- ,Additional Sanctions Information - Subject to Secondary Sanctions; Vessel Registration Identification IMO 9187655; f.k.a. 'ABADEH'; f.k.a. 'CRYSTAL'; f.k.a. 'SUNDIAL'; f.k.a. 'ARK'; Linked To: NATIONAL IRANIAN TANKER COMPANY.
273274460,Arkhitektor,9381744,Russia,Undisclosed,2008.0,LR2 TNKR,0000-00-00,archive,100,IMO=9381744,47233,HS LEGEND,vessel,RUSSIA-EO14024,Liberia,-0- ,Secondary sanctions risk: See Section 11 of Executive Order 14024.; Vessel Registration Identification IMO 9381744; MMSI 636022362; Linked To: HENNESEA HOLDINGS LIMITED.
422056300,Artavil,9187629,Iran,NITC,2000.0,AFRAMAX TNKR,0000-00-00,archive,100,IMO=9187629,15036,ARTAVIL,vessel,IRAN,Iran,-0- ,Former Vessel Flag Malta; alt. Former Vessel Flag Tuvalu; alt. Former Vessel Flag None Identified; alt. Former Vessel Flag Tanzania; Additional Sanctions Information - Subject to Secondary Sanctions; Vessel Registration Identification IMO 9187629; MMSI 572469210; f.k.a. 'ALPHA'; Linked To: NATIONAL 
273274080,Atlant,9412995,Russia,Hemsworth Logistics,2009.0,AFRAMAX TNKR,0000-00-00,archive,100,IMO=9412995,47224,OSPEROUS,vessel,RUSSIA-EO14024,Liberia,-0- ,Secondary sanctions risk: See Section 11 of Executive Order 14024.; Vessel Registration Identification IMO 9412995; MMSI 636022098; Linked To: HENNESEA HOLDINGS LIMITED.
306670000,Atlantis I,9229362,Curacao,Al Anchor Ship Management,2002.0,AFRAMAX TNKR,0000-00-00,archive,100,IMO=9229362,47310,ROAD,vessel,IRAN-EO13846,Barbados,-0- ,Vessel Registration Identification IMO 9229362; MMSI 314641000; Linked To: AL ANCHOR SHIP MANAGEMENT FZE.
620999909,Ava 10,9247986,Comoros,Deep Current Shipping,2003.0,AFRAMAX TNKR,0000-00-00,archive,100,IMO=9247986,56395,AVA 10,vessel,IRAN-EO13846,Comoros,-0- ,Vessel Year of Build 2003; Vessel Registration Identification IMO 9247986; MMSI 620999909; Linked To: DEEP CURRENT SHIPPING L.L.C.
273272460,Avangard,9322839,Russia,Kroeger Tankers FZE,2006.0,AFRAMAX TNKR,0000-00-00,archive,100,IMO=9322839,46613,HS ATLANTICA,vessel,RUSSIA-EO14024,Liberia,-0- ,Secondary sanctions risk: See Section 11 of Executive Order 14024.; Vessel Registration Identification IMO 9322839; MMSI 636022401; Linked To: HS ATLANTICA LIMITED; Linked To: HENNESEA HOLDINGS LIMITED.
655130000,Beijing,9259185,Malawi,Koban Shipping,2002.0,AFRAMAX TNKR,0000-00-00,archive,100,IMO=9259185,48415,HEBE,vessel,SDGT,Comoros,-0- ,"Secondary sanctions risk: section 1(b) of Executive Order 13224, as amended by Executive Order 13886; Vessel Registration Identification IMO 9259185; MMSI 620999378; Linked To: OCEANLINK MARITIME DMCC."
613003709,Benedict,9293155,Cameroon,Junia Shipping,2005.0,AFRAMAX TNKR,0000-00-00,archive,100,IMO=9293155,56927,BENEDICT,vessel,IRAN-EO13846,Cameroon,-0- ,Vessel Year of Build 2005; Vessel Registration Identification IMO 9293155; MMSI 613003709; Linked To: ELEVATE MARINE MANAGEMENT PRIVATE LIMITED.
574005540,Birth Young,9284582,Vietnam,Sao Viet Petrol Transportation,2004.0,AFRAMAX TNKR,0000-00-00,archive,100,IMO=9284582,51548,PANDA,vessel,UKRAINE-EO13662] [IRAN-EO13846] [RUSSIA-EO14024,Guyana,-0- ,"Former Vessel Flag Vietnam; Secondary sanctions risk: See Section 11 of Executive Order 14024.; alt. Secondary sanctions risk: Ukraine-/Russia-Related Sanctions Regulations, 31 CFR 589.201 and/or 589.209; Vessel Year of Build 2004; Vessel Registration Identification IMO 9284582; MMSI 574005540; Link"
631010084,Bluebell,9251810,Equatorial Guinea,Simona Marine Services,2002.0,AFRAMAX TNKR,0000-00-00,archive,100,IMO=9251810,51057,CROSS OCEAN,vessel,IRAN-EO13846,Panama,-0- ,Vessel Registration Identification IMO 9251810; MMSI 352002860; Linked To: DELNAZ SHIP MANAGEMENT SDN BHD.
461000253,Camel,9341079,Oman,Novoship,2006.0,AFRAMAX TNKR,0000-00-00,archive,100,IMO=9341079,51765,CAPELLA,vessel,UKRAINE-EO13662] [RUSSIA-EO14024,Barbados,-0- ,"Secondary sanctions risk: See Section 11 of Executive Order 14024.; alt. Secondary sanctions risk: Ukraine-/Russia-Related Sanctions Regulations, 31 CFR 589.201 and/or 589.209; Vessel Registration Identification IMO 9341079; MMSI 314949000; Linked To: STREAM SHIP MANAGEMENT FZCO."
419001990,Cangjie,9299680,India,Ozeevo Shipping IFSC,2005.0,AFRAMAX TNKR,0000-00-00,archive,100,IMO=9299680,52319,CANGJIE,vessel,UKRAINE-EO13662] [RUSSIA-EO14024,Cook Islands,-0- ,"Secondary sanctions risk: See Section 11 of Executive Order 14024.; alt. Secondary sanctions risk: Ukraine-/Russia-Related Sanctions Regulations, 31 CFR 589.201 and/or 589.209; Vessel Registration Identification IMO 9299680; MMSI 518999083; Linked To: KUPA LINES INCORPORATED."
461000252,Carma,9341081,Oman,Sovcomflot,2006.0,AFRAMAX TNKR,0000-00-00,archive,100,IMO=9341081,51769,CASSIOPEIA,vessel,UKRAINE-EO13662] [RUSSIA-EO14024,Barbados,-0- ,"Secondary sanctions risk: See Section 11 of Executive Order 14024.; alt. Secondary sanctions risk: Ukraine-/Russia-Related Sanctions Regulations, 31 CFR 589.201 and/or 589.209; Vessel Registration Identification IMO 9341081; MMSI 314964000; Linked To: STREAM SHIP MANAGEMENT FZCO."
613271440,Cauveri,9282508,Cameroon,Jalyan Ship Management,2005.0,AFRAMAX TNKR,0000-00-00,archive,100,IMO=9282508,56959,CAUVERI,vessel,IRAN-EO13902,Cameroon,-0- ,Vessel Year of Build 2005; Vessel Registration Identification IMO 9282508; MMSI 613271440; Linked To: HAPUKA MARINE LTD.
461000233,Celt,9299692,Oman,Sovcomflot,2005.0,AFRAMAX TNKR,0000-00-00,archive,100,IMO=9299692,51624,CALLISTO,vessel,UKRAINE-EO13662] [RUSSIA-EO14024,Barbados,-0- ,"Secondary sanctions risk: See Section 11 of Executive Order 14024.; alt. Secondary sanctions risk: Ukraine-/Russia-Related Sanctions Regulations, 31 CFR 589.201 and/or 589.209; Vessel Registration Identification IMO 9299692; MMSI 314942000; Linked To: JOINT STOCK COMPANY SOVCOMFLOT."
352002070,Crius,9251274,Panama,Shunxiang Ship Management,2003.0,LR2 TNKR,0000-00-00,archive,100,IMO=9251274,51761,CRIUS,vessel,UKRAINE-EO13662] [RUSSIA-EO14024,Panama,-0- ,"Secondary sanctions risk: See Section 11 of Executive Order 14024.; alt. Secondary sanctions risk: Ukraine-/Russia-Related Sanctions Regulations, 31 CFR 589.201 and/or 589.209; Vessel Registration Identification IMO 9251274; MMSI 352002070; Linked To: CRIUS LIMITED."
613442818,Daphne V,9321677,Cameroon,Undisclosed,2006.0,AFRAMAX TNKR,0000-00-00,archive,100,IMO=9321677,56952,DAPHNE V,vessel,IRAN-EO13902,Panama,-0- ,Vessel Year of Build 2006; Vessel Registration Identification IMO 9321677; MMSI 352002063; Linked To: FLEET TANQO PRIVATE LIMITED.
650000121,Deyna,9299903,Mozambique,Sino Ship Management,2005.0,AFRAMAX TNKR,0000-00-00,archive,100,IMO=9299903,51609,DEYNA,vessel,UKRAINE-EO13662] [RUSSIA-EO14024,Panama,-0- ,"Secondary sanctions risk: See Section 11 of Executive Order 14024.; alt. Secondary sanctions risk: Ukraine-/Russia-Related Sanctions Regulations, 31 CFR 589.201 and/or 589.209; Vessel Registration Identification IMO 9299903; MMSI 352003718; Linked To: SINO SHIP MANAGEMENT COMPANY LIMITED."
610000033,DF Peak,9341067,Russia,Zheng Xin Marine,2006.0,AFRAMAX TNKR,0000-00-00,archive,100,IMO=9341067,47007,NS CAPTAIN,vessel,RUSSIA-EO14024,Gabon,-0- ,Secondary sanctions risk: See Section 11 of Executive Order 14024.; Vessel Registration Identification IMO 9341067; MMSI 626379000; Linked To: JOINT STOCK COMPANY SOVCOMFLOT.
620800007,Divit,9194139,Comoros,Undisclosed,1999.0,AFRAMAX TNKR,0000-00-00,archive,100,IMO=9194139,48411,MERAKI,vessel,SDGT,Antigua and Barbuda,-0- ,"Secondary sanctions risk: section 1(b) of Executive Order 13224, as amended by Executive Order 13886; Vessel Registration Identification IMO 9194139; MMSI 304552000; Linked To: OCEANLINK MARITIME DMCC."
273279360,Ekspander,9281011,Russia,Pyay Shipping,2004.0,AFRAMAX TNKR,0000-00-00,archive,100,IMO=9281011,52341,MOTI,vessel,UKRAINE-EO13662] [RUSSIA-EO14024,Djibouti,-0- ,"Secondary sanctions risk: See Section 11 of Executive Order 14024.; alt. Secondary sanctions risk: Ukraine-/Russia-Related Sanctions Regulations, 31 CFR 589.201 and/or 589.209; Vessel Registration Identification IMO 9281011; MMSI 621819067; Linked To: WAVECREST MARITIME LIMITED."
631010082,Endless,9315446,Equatorial Guinea,Maritime Legacy,2005.0,LR2 TNKR,0000-00-00,archive,100,IMO=9315446,51924,MUM,vessel,UKRAINE-EO13662] [RUSSIA-EO14024,Antigua and Barbuda,-0- ,"Secondary sanctions risk: See Section 11 of Executive Order 14024.; alt. Secondary sanctions risk: Ukraine-/Russia-Related Sanctions Regulations, 31 CFR 589.201 and/or 589.209; Vessel Registration Identification IMO 9315446; MMSI 305026000; Linked To: AQUAQUASAR HOLDING LIMITED."
620800030,Evali,9400980,Comoros,Undisclosed,2008.0,AFRAMAX TNKR,0000-00-00,archive,100,IMO=9400980,54807,OMNI,vessel,IRAN-EO13902,Panama,-0- ,"Vessel Year of Build 2008; Vessel Registration Identification IMO 9400980; MMSI 352001876; Linked To: SHAMKHANI, Mohammad Hossein."
655990000,Faas,9233208,Malawi,Faas Shipping,2002.0,AFRAMAX TNKR,0000-00-00,archive,100,IMO=9233208,39688,RAIN DROP,vessel,SDGT,Cook Islands,-0- ,"Secondary sanctions risk: section 1(b) of Executive Order 13224, as amended by Executive Order 13886; Vessel Registration Identification IMO 9233208; MMSI 518998461; Linked To: BLUE BERRI SHIPPING INC."
655071176,Fabule,9276573,Malawi,Sun Science International,2004.0,AFRAMAX TNKR,0000-00-00,archive,100,IMO=9276573,53150,CORONA FUN,vessel,IRAN-EO13902,Panama,-0- ,"Vessel Registration Identification IMO 9276573; MMSI 352003958; Linked To: SUN SCIENCE INTERNATIONAL CO., LIMITED."
647553034,Fenghuang,9236248,Madagascar,Triviality Shipping Services,2002.0,AFRAMAX TNKR,0000-00-00,archive,100,IMO=9236248,52687,PHOENIX I,vessel,IRAN-EO13846,Cook Islands,-0- ,Vessel Registration Identification IMO 9236248; MMSI 518999317; Linked To: ALKONOST MARITIME DMCC.
273270180,Forwarder,9419448,Russia,Undisclosed,2009.0,AFRAMAX TNKR,0000-00-00,archive,100,IMO=9419448,51807,HENG TAI,vessel,UKRAINE-EO13662] [RUSSIA-EO14024,Panama,-0- ,"Secondary sanctions risk: See Section 11 of Executive Order 14024.; alt. Secondary sanctions risk: Ukraine-/Russia-Related Sanctions Regulations, 31 CFR 589.201 and/or 589.209; Vessel Registration Identification IMO 9419448; MMSI 352003963; Linked To: HENGTAI SHIPPING LIMITED."
352003485,Freda,9402469,Panama,Hera Gam,2009.0,AFRAMAX TNKR,0000-00-00,archive,100,IMO=9402469,51787,FREDA,vessel,UKRAINE-EO13662] [RUSSIA-EO14024,Panama,-0- ,"Secondary sanctions risk: See Section 11 of Executive Order 14024.; alt. Secondary sanctions risk: Ukraine-/Russia-Related Sanctions Regulations, 31 CFR 589.201 and/or 589.209; Vessel Registration Identification IMO 9402469; MMSI 352003485; Linked To: HERA GAM LIMITED."
679881013,Freya,9238052,Zimbabwe,Hong Kong Rong Da Shipping,2002.0,AFRAMAX TNKR,0000-00-00,archive,100,IMO=9238052,51752,CLIO,vessel,UKRAINE-EO13662] [RUSSIA-EO14024,Panama,-0- ,"Secondary sanctions risk: See Section 11 of Executive Order 14024.; alt. Secondary sanctions risk: Ukraine-/Russia-Related Sanctions Regulations, 31 CFR 589.201 and/or 589.209; Vessel Registration Identification IMO 9238052; MMSI 352001855; Linked To: HONG KONG YONGYE SHIPPING LIMITED."
518998343,Frunze,9263643,Cook Islands,Undisclosed,2003.0,LR2 TNKR,0000-00-00,archive,100,IMO=9263643,50972,FRUNZE,vessel,SDGT] [IFSR,Cook Islands,-0- ,"Secondary sanctions risk: section 1(b) of Executive Order 13224, as amended by Executive Order 13886; Vessel Registration Identification IMO 9263643; MMSI 518998343; Linked To: GEMINI MARINE LIMITED."
273279460,Gallileo,9256860,Russia,Burevestmarin,2003.0,AFRAMAX TNKR,0000-00-00,archive,100,IMO=9256860,34942,PEGAS,vessel,RUSSIA-EO14024,Russia,-0- ,Secondary sanctions risk: See Section 11 of Executive Order 14024.; Vessel Registration Identification IMO 9256860 (Russia); f.k.a. 'PERUN'; Linked To: PSB LIZING OOO.
613442815,Guanyin,9299707,Cameroon,Undisclosed,2005.0,AFRAMAX TNKR,0000-00-00,archive,100,IMO=9299707,54912,GUANYIN,vessel,IRAN-EO13902,Liberia,-0- ,Vessel Year of Build 2005; Vessel Registration Identification IMO 9299707; MMSI 636012383; Linked To: SILVER TETRA MARINE CO.
273272260,Gustav,9436006,Russia,Idas LLC,2009.0,AFRAMAX TNKR,0000-00-00,archive,100,IMO=9436006,51600,SAMSUN,vessel,UKRAINE-EO13662] [RUSSIA-EO14024,Panama,-0- ,"Secondary sanctions risk: See Section 11 of Executive Order 14024.; alt. Secondary sanctions risk: Ukraine-/Russia-Related Sanctions Regulations, 31 CFR 589.201 and/or 589.209; Vessel Registration Identification IMO 9436006; MMSI 352002486; Linked To: PROMINENT SHIPMANAGEMENT LIMITED."
655180000,Hai Long,9256468,Malawi,Undisclosed,2003.0,AFRAMAX TNKR,0000-00-00,archive,100,IMO=9256468,48412,ELSA,vessel,SDGT,Belize,-0- ,"Secondary sanctions risk: section 1(b) of Executive Order 13224, as amended by Executive Order 13886; Vessel Registration Identification IMO 9256468; MMSI 312038000; Linked To: OCEANLINK MARITIME DMCC."
750013000,Halo 6,9232448,Guyana,Star Ocean Shipmanage,2002.0,LR2 TNKR,0000-00-00,archive,100,IMO=9232448,50844,ETERNAL 8,vessel,SDGT,Panama,-0- ,"Secondary sanctions risk: section 1(b) of Executive Order 13224, as amended by Executive Order 13886; Vessel Registration Identification IMO 9232448; MMSI 352001640; Linked To: STAR OCEAN SHIPMANAGE LTD."
352179000,Horae,9413004,Panama,Zimar Shipping,2009.0,AFRAMAX TNKR,0000-00-00,archive,100,IMO=9413004,56955,HORAE,vessel,IRAN-EO13902,Panama,-0- ,Vessel Year of Build 2009; Vessel Registration Identification IMO 9413004; MMSI 352179000; Linked To: FLEET TANQO PRIVATE LIMITED.
0,Icaro,9038842,nan,PDV Marina,1993.0,AFRAMAX TNKR,0000-00-00,archive,100,IMO=9038842,28012,ICARO,vessel,VENEZUELA-EO13884,Panama,-0- ,"Vessel Registration Identification IMO 9038842; Linked To: PETROLEOS DE VENEZUELA, S.A."
273275360,Integrator,9436941,Russia,Elgon Maritime Corp,2010.0,AFRAMAX TNKR,0000-00-00,archive,100,IMO=9436941,51699,ATTICA,vessel,UKRAINE-EO13662] [RUSSIA-EO14024,Gabon,-0- ,"Secondary sanctions risk: See Section 11 of Executive Order 14024.; alt. Secondary sanctions risk: Ukraine-/Russia-Related Sanctions Regulations, 31 CFR 589.201 and/or 589.209; Vessel Registration Identification IMO 9436941; MMSI 626278000; Linked To: ELGON MARITIME CORPORATION."
273277060,Jagger,9354301,Russia,North Fleet,2008.0,AFRAMAX TNKR,0000-00-00,archive,100,IMO=9354301,51496,ZALIV AMERIKA,vessel,UKRAINE-EO13662] [RUSSIA-EO14024,Panama,-0- ,"Secondary sanctions risk: See Section 11 of Executive Order 14024.; alt. Secondary sanctions risk: Ukraine-/Russia-Related Sanctions Regulations, 31 CFR 589.201 and/or 589.209; Vessel Registration Identification IMO 9354301; MMSI 352003366; Linked To: JOINT STOCK COMPANY SOVCOMFLOT."
461000258,Jasmine,9354313,Oman,Sovcomflot,2008.0,LR2 TNKR,0000-00-00,archive,100,IMO=9354313,51888,ZALIV AMURSKIY,vessel,UKRAINE-EO13662] [RUSSIA-EO14024,Panama,-0- ,"Secondary sanctions risk: See Section 11 of Executive Order 14024.; alt. Secondary sanctions risk: Ukraine-/Russia-Related Sanctions Regulations, 31 CFR 589.201 and/or 589.209; Vessel Registration Identification IMO 9354313; MMSI 352003364; Linked To: JOINT STOCK COMPANY SOVCOMFLOT."
273264590,Kapitan Kostichev,9301392,Russia,Sovcomflot,2005.0,AFRAMAX SHUTTLE TNKR,0000-00-00,archive,100,IMO=9301392,51479,CAPTAIN KOSTICHEV,vessel,UKRAINE-EO13662] [RUSSIA-EO14024,Panama,-0- ,"Secondary sanctions risk: See Section 11 of Executive Order 14024.; alt. Secondary sanctions risk: Ukraine-/Russia-Related Sanctions Regulations, 31 CFR 589.201 and/or 589.209; Vessel Registration Identification IMO 9301392; MMSI 352002205; Linked To: JOINT STOCK COMPANY SOVCOMFLOT."
273257910,Kareliya,9306782,Russia,Novoship,2006.0,AFRAMAX TNKR,0000-00-00,archive,100,IMO=9306782,46290,NS CENTURY,vessel,RUSSIA-EO14024,Liberia,-0- ,Secondary sanctions risk: See Section 11 of Executive Order 14024.; Vessel Registration Identification IMO 9306782; MMSI 636012853; Linked To: GALLION NAVIGATION INCORPORATED.
620800034,Kaviz,9282041,Comoros,Undisclosed,2004.0,AFRAMAX TNKR,0000-00-00,archive,100,IMO=9282041,54804,ABHRA,vessel,IRAN-EO13902,Panama,-0- ,Vessel Year of Build 2004; Vessel Registration Identification IMO 9282041; MMSI 352001312; Linked To: NEO SHIPPING INC.
323143000,Lourdes,9259692,Cuba,Bluelane Overseas,2002.0,AFRAMAX TNKR,0000-00-00,archive,100,IMO=9259692,27425,GIRALT,vessel,VENEZUELA-EO13850,Panama,-0- ,Vessel Registration Identification IMO 9259692; Linked To: BLUELANE OVERSEAS SA.
273259910,Kazan,9258002,Russia,Novoship,2003.0,AFRAMAX TNKR,0000-00-00,archive,100,IMO=9258002,45330,KAZAN,vessel,RUSSIA-EO14024,Liberia,-0- ,Secondary sanctions risk: See Section 11 of Executive Order 14024.; Vessel Registration Identification IMO 9258002; MMSI 636011916; Linked To: KAZAN SHIPPING INCORPORATED.
273250830,Kemerovo,9312884,Russia,Novoship,2007.0,AFRAMAX TNKR,0000-00-00,archive,100,IMO=9312884,47009,NS COLUMBUS,vessel,RUSSIA-EO14024,Gabon,-0- ,Secondary sanctions risk: See Section 11 of Executive Order 14024.; Vessel Registration Identification IMO 9312884; MMSI 626382000; Linked To: JOINT STOCK COMPANY SOVCOMFLOT.
352001461,Koen,9199127,Panama,Undisclosed,2000.0,LR2 TNKR,0000-00-00,archive,100,IMO=9199127,51713,BOREY G,vessel,UKRAINE-EO13662] [RUSSIA-EO14024,Panama,-0- ,"Secondary sanctions risk: See Section 11 of Executive Order 14024.; alt. Secondary sanctions risk: Ukraine-/Russia-Related Sanctions Regulations, 31 CFR 589.201 and/or 589.209; Vessel Registration Identification IMO 9199127; MMSI 352001461; Linked To: LUSEIA MARINE SERVICES CO LTD."
273250930,Kolomna,9341093,Russia,Novoship,2006.0,AFRAMAX TNKR,0000-00-00,archive,100,IMO=9341093,47003,NS CONSUL,vessel,RUSSIA-EO14024,Gabon,-0- ,Secondary sanctions risk: See Section 11 of Executive Order 14024.; Vessel Registration Identification IMO 9341093; MMSI 626388000; Linked To: JOINT STOCK COMPANY SOVCOMFLOT.
273257030,Krasnoyarsk,9312896,Russia,Novoship,2007.0,AFRAMAX TNKR,0000-00-00,archive,100,IMO=9312896,47046,NS CREATION,vessel,RUSSIA-EO14024,Gabon,-0- ,Secondary sanctions risk: See Section 11 of Executive Order 14024.; Vessel Registration Identification IMO 9312896; MMSI 626390000; Linked To: JOINT STOCK COMPANY SOVCOMFLOT.
273259230,Krymsk,9270529,Russia,Novoship,2003.0,AFRAMAX TNKR,0000-00-00,archive,100,IMO=9270529,47037,KRYMSK,vessel,RUSSIA-EO14024,Gabon,-0- ,Secondary sanctions risk: See Section 11 of Executive Order 14024.; Vessel Registration Identification IMO 9270529; MMSI 626364000; Linked To: JOINT STOCK COMPANY SOVCOMFLOT.
273259430,Ladoga,9339313,Russia,Novoship,2007.0,AFRAMAX TNKR,0000-00-00,archive,100,IMO=9339313,46976,NS LION,vessel,RUSSIA-EO14024,Gabon,-0- ,Secondary sanctions risk: See Section 11 of Executive Order 14024.; Vessel Registration Identification IMO 9339313; MMSI 626393000; Linked To: JOINT STOCK COMPANY SOVCOMFLOT.
461000249,Lavender,9339337,Oman,Dreamer Shipmanagement,2008.0,AFRAMAX TNKR,0000-00-00,archive,100,IMO=9339337,51780,LEGACY,vessel,UKRAINE-EO13662] [RUSSIA-EO14024,Barbados,-0- ,"Secondary sanctions risk: See Section 11 of Executive Order 14024.; alt. Secondary sanctions risk: Ukraine-/Russia-Related Sanctions Regulations, 31 CFR 589.201 and/or 589.209; Vessel Registration Identification IMO 9339337; MMSI 314892000; Linked To: STREAM SHIP MANAGEMENT FZCO."
620999875,LBS,9271406,Comoros,Triviality Shipping Services,2003.0,AFRAMAX TNKR,0000-00-00,archive,100,IMO=9271406,52686,MENG XIN,vessel,IRAN-EO13846,Panama,-0- ,Vessel Registration Identification IMO 9271406; MMSI 352898783; Linked To: ALKONOST MARITIME DMCC.
0,Leona,9299721,nan,Munne,2006.0,AFRAMAX TNKR,0000-00-00,archive,100,IMO=9299721,51735,CEPHEUS,vessel,UKRAINE-EO13662] [RUSSIA-EO14024,Panama,-0- ,"Secondary sanctions risk: See Section 11 of Executive Order 14024.; alt. Secondary sanctions risk: Ukraine-/Russia-Related Sanctions Regulations, 31 CFR 589.201 and/or 589.209; Vessel Registration Identification IMO 9299721; MMSI 352001911; Linked To: COLUMBA LIMITED."
461000246,Level,9339325,Oman,Sovcomflot,2007.0,AFRAMAX TNKR,0000-00-00,archive,100,IMO=9339325,51632,LIBERTY,vessel,UKRAINE-EO13662] [RUSSIA-EO14024,Barbados,-0- ,"Secondary sanctions risk: See Section 11 of Executive Order 14024.; alt. Secondary sanctions risk: Ukraine-/Russia-Related Sanctions Regulations, 31 CFR 589.201 and/or 589.209; Vessel Registration Identification IMO 9339325; MMSI 314889000; Linked To: JOINT STOCK COMPANY SOVCOMFLOT."
273251810,Ligovsky Prospect,9256066,Russia,Sovcomflot,2003.0,AFRAMAX TNKR,0000-00-00,archive,100,IMO=9256066,46288,LIGOVSKY PROSPECT,vessel,RUSSIA-EO14024,Liberia,-0- ,Secondary sanctions risk: See Section 11 of Executive Order 14024.; Vessel Registration Identification IMO 9256066; MMSI 636011641; Linked To: PROGRESS SHIPPING COMPANY LIMITED.
273255820,Lipetsk,9339301,Russia,Novoship,2007.0,AFRAMAX TNKR,0000-00-00,archive,100,IMO=9339301,47371,NS LEADER,vessel,RUSSIA-EO14024,Gabon,-0- ,Secondary sanctions risk: See Section 11 of Executive Order 14024.; Vessel Registration Identification IMO 9339301; MMSI 636013272; Linked To: NS LEADER SHIPPING INCORPORATED.
273254130,Liteyny Prospect,9256078,Russia,Sovcomflot,2003.0,AFRAMAX TNKR,0000-00-00,archive,100,IMO=9256078,47034,LITEYNY PROSPECT,vessel,RUSSIA-EO14024,Gabon,-0- ,Secondary sanctions risk: See Section 11 of Executive Order 14024.; Vessel Registration Identification IMO 9256078; MMSI 626367000; Linked To: JOINT STOCK COMPANY SOVCOMFLOT.
570297000,Lotus,9392822,Tonga,Santiago Ships Management,2008.0,AFRAMAX TNKR,0000-00-00,archive,100,IMO=9392822,51847,HIMALAYAN,vessel,UKRAINE-EO13662] [RUSSIA-EO14024,Panama,-0- ,"Secondary sanctions risk: See Section 11 of Executive Order 14024.; alt. Secondary sanctions risk: Ukraine-/Russia-Related Sanctions Regulations, 31 CFR 589.201 and/or 589.209; Vessel Registration Identification IMO 9392822; MMSI 352002872; Linked To: GIFTED PEAK LIMITED."
511101768,Nayara,9264570,Palau,Rayluck Shipping,2002.0,LR2 TNKR,0000-00-00,archive,100,IMO=9264570,54276,THEMIS,vessel,IRAN-EO13902,Panama,-0- ,Vessel Year of Build 2002; Vessel Registration Identification IMO 9264570; MMSI 353744000; Linked To: THEMIS LIMITED.
352001732,Lyra,9314088,Panama,Coureage Co Ltd,2004.0,AFRAMAX TNKR,0000-00-00,archive,100,IMO=9314088,51886,LYRA,vessel,UKRAINE-EO13662] [RUSSIA-EO14024,Panama,-0- ,"Secondary sanctions risk: See Section 11 of Executive Order 14024.; alt. Secondary sanctions risk: Ukraine-/Russia-Related Sanctions Regulations, 31 CFR 589.201 and/or 589.209; Vessel Registration Identification IMO 9314088; MMSI 352001732; Linked To: KAT DENNINGS LIMITED."
631010102,Makalu,9314105,Equatorial Guinea,Fathom Quill,2005.0,AFRAMAX TNKR,0000-00-00,archive,100,IMO=9314105,51891,MAKALU,vessel,UKRAINE-EO13662] [RUSSIA-EO14024,Barbados,-0- ,"Secondary sanctions risk: See Section 11 of Executive Order 14024.; alt. Secondary sanctions risk: Ukraine-/Russia-Related Sanctions Regulations, 31 CFR 589.201 and/or 589.209; Vessel Registration Identification IMO 9314105; MMSI 314001002; Linked To: DOUBLE HARMONY MARINE CORPORATION."
750357000,Marigold,9242118,Guyana,Alya Marine Sdn Bhd,2003.0,AFRAMAX TNKR,0000-00-00,archive,100,IMO=9242118,51074,SHANAYE QUEEN,vessel,IRAN-EO13846,Malaysia,-0- ,Vessel Registration Identification IMO 9242118; MMSI 533132105; Linked To: ALYA MARINE SENDIRIAN BERHAD.
352002495,Merope,9281891,Panama,Shanghai Future Ship Management,2003.0,AFRAMAX TNKR,0000-00-00,archive,100,IMO=9281891,51387,MEROPE,vessel,UKRAINE-EO13662] [IRAN-EO13902] [RUSSIA-EO14024,Panama,-0- ,"Secondary sanctions risk: See Section 11 of Executive Order 14024.; alt. Secondary sanctions risk: Ukraine-/Russia-Related Sanctions Regulations, 31 CFR 589.201 and/or 589.209; Vessel Registration Identification IMO 9281891; MMSI 352002495; Linked To: SHANGHAI FUTURE SHIP MANAGEMENT CO LTD; Linked T"
352006683,Midas,9266841,Panama,Ocean Morion Shipping,2003.0,AFRAMAX TNKR,0000-00-00,archive,100,IMO=9266841,57688,MIDAS,vessel,IRAN-EO13902,Panama,-0- ,Vessel Year of Build 2003; Vessel Registration Identification IMO 9266841; MMSI 352006683; Linked To: OCEAN MARVEL SHIPPING COMPANY LIMITED.
461000255,Mirabel,9511521,Oman,Sovcomflot,2010.0,AFRAMAX TNKR,0000-00-00,archive,100,IMO=9511521,51638,MOSKOVSKY PROSPECT,vessel,UKRAINE-EO13662] [RUSSIA-EO14024,Gabon,-0- ,"Secondary sanctions risk: See Section 11 of Executive Order 14024.; alt. Secondary sanctions risk: Ukraine-/Russia-Related Sanctions Regulations, 31 CFR 589.201 and/or 589.209; Vessel Registration Identification IMO 9511521; MMSI 626368000; Linked To: JOINT STOCK COMPANY SOVCOMFLOT."
273398330,Narval,9116632,Russia,MG Flot,1996.0,AFRAMAX TNKR,0000-00-00,archive,100,IMO=9116632,37061,POLAR ROCK,vessel,RUSSIA-EO14024,Russia,-0- ,Secondary sanctions risk: See Section 11 of Executive Order 14024.; Vessel Registration Identification IMO 9116632; Linked To: MARINE TRANS SHIPPING LLC.
273272530,Novator,9297357,Russia,Kangen Maritime,2006.0,AFRAMAX TNKR,0000-00-00,archive,100,IMO=9297357,52313,ARJUN,vessel,UKRAINE-EO13662] [RUSSIA-EO14024,Panama,-0- ,"Secondary sanctions risk: See Section 11 of Executive Order 14024.; alt. Secondary sanctions risk: Ukraine-/Russia-Related Sanctions Regulations, 31 CFR 589.201 and/or 589.209; Vessel Registration Identification IMO 9297357; MMSI 352002801; Linked To: KANGEN MARITIME CORPORATION."
613442851,Nemrut,9439541,Cameroon,Zimar Shipping,2009.0,AFRAMAX TNKR,0000-00-00,archive,100,IMO=9439541,54806,NEMRUT,vessel,IRAN-EO13902,Liberia,-0- ,Vessel Year of Build 2009; Vessel Registration Identification IMO 9439541; MMSI 636022766; Linked To: THE ZULU SHIPS MANAGEMENT AND OPERATION - SOLE PROPRIETORSHIP L.L.C.
273258030,Nevskiy Prospect,9256054,Russia,Sovcomflot,2003.0,AFRAMAX TNKR,0000-00-00,archive,100,IMO=9256054,47022,NEVSKIY PROSPECT,vessel,RUSSIA-EO14024,Gabon,-0- ,Secondary sanctions risk: See Section 11 of Executive Order 14024.; Vessel Registration Identification IMO 9256054; MMSI 626369000; Linked To: JOINT STOCK COMPANY SOVCOMFLOT.
620800046,New Power,9266853,Comoros,Uva Albilla Group,2004.0,AFRAMAX TNKR,0000-00-00,archive,100,IMO=9266853,51633,NEREUS SOPHIA,vessel,UKRAINE-EO13662] [RUSSIA-EO14024,Panama,-0- ,"Secondary sanctions risk: See Section 11 of Executive Order 14024.; alt. Secondary sanctions risk: Ukraine-/Russia-Related Sanctions Regulations, 31 CFR 589.201 and/or 589.209; Vessel Registration Identification IMO 9266853; MMSI 352003763; Linked To: MEGHAN GROUP LIMITED."
550167011,Olina,9282479,Unknown,Tantye Peur,2005.0,AFRAMAX TNKR,0000-00-00,archive,100,IMO=9282479,51709,MINERVA M,vessel,UKRAINE-EO13662] [RUSSIA-EO14024,Panama,-0- ,"Secondary sanctions risk: See Section 11 of Executive Order 14024.; alt. Secondary sanctions risk: Ukraine-/Russia-Related Sanctions Regulations, 31 CFR 589.201 and/or 589.209; Vessel Registration Identification IMO 9282479; MMSI 352001530; Linked To: SUNNE CO LIMITED."
306724000,Ocean River,9284594,Curacao,Hung Phat,2004.0,AFRAMAX TNKR,0000-00-00,archive,100,IMO=9284594,51550,LEOPARD,vessel,UKRAINE-EO13662] [RUSSIA-EO14024,Vietnam,-0- ,"Secondary sanctions risk: See Section 11 of Executive Order 14024.; alt. Secondary sanctions risk: Ukraine-/Russia-Related Sanctions Regulations, 31 CFR 589.201 and/or 589.209; Vessel Registration Identification IMO 9284594; MMSI 574005550; Linked To: SAO VIET PETROL TRANSPORTATION COMPANY LIMITED."
679881009,Otla,9299719,Zimbabwe,Ying Da Marine,2005.0,AFRAMAX TNKR,0000-00-00,archive,100,IMO=9299719,46610,NS CHAMPION,vessel,RUSSIA-EO14024,Liberia,-0- ,Secondary sanctions risk: See Section 11 of Executive Order 14024.; Vessel Registration Identification IMO 9299719; MMSI 636012384; Linked To: STERLING SHIPPING INCORPORATED.
775091000,Paramaconi,9543512,Venezuela,PDV Marina,2011.0,AFRAMAX TNKR,0000-00-00,archive,100,IMO=9543512,28015,PARAMACONI,vessel,VENEZUELA-EO13884,Venezuela,-0- ,"Vessel Registration Identification IMO 9543512; Linked To: PETROLEOS DE VENEZUELA, S.A."
312242000,Vesna,9233349,Belize,Shanghai Legendary Ship Management,2000.0,LR2 TNKR,0000-00-00,archive,100,IMO=9233349,51385,VESNA,vessel,UKRAINE-EO13662] [IRAN-EO13902] [RUSSIA-EO14024,Belize,-0- ,"Secondary sanctions risk: See Section 11 of Executive Order 14024.; alt. Secondary sanctions risk: Ukraine-/Russia-Related Sanctions Regulations, 31 CFR 589.201 and/or 589.209; Vessel Registration Identification IMO 9233349; MMSI 312242000; Linked To: SHANGHAI LEGENDARY SHIP MANAGEMENT COMPANY LIMIT"
273264760,Pavel Chernysh,9301380,Russia,Sovcomflot,2005.0,AFRAMAX SHUTTLE TNKR,0000-00-00,archive,100,IMO=9301380,51487,PAVEL CHERNYSH,vessel,UKRAINE-EO13662] [RUSSIA-EO14024,Panama,-0- ,"Secondary sanctions risk: See Section 11 of Executive Order 14024.; alt. Secondary sanctions risk: Ukraine-/Russia-Related Sanctions Regulations, 31 CFR 589.201 and/or 589.209; Vessel Registration Identification IMO 9301380; MMSI 352002195; Linked To: JOINT STOCK COMPANY SOVCOMFLOT."
273273160,Persey,9544281,Russia,Idas LLC,2010.0,LR2 TNKR,0000-00-00,archive,100,IMO=9544281,51582,CORUM,vessel,UKRAINE-EO13662] [RUSSIA-EO14024,Panama,-0- ,"Secondary sanctions risk: See Section 11 of Executive Order 14024.; alt. Secondary sanctions risk: Ukraine-/Russia-Related Sanctions Regulations, 31 CFR 589.201 and/or 589.209; Vessel Registration Identification IMO 9544281; MMSI 352002588; Linked To: PROMINENT SHIPMANAGEMENT LIMITED."
0,Phenix VI,9255880,Unknown,Undisclosed,2002.0,AFRAMAX TNKR,0000-00-00,archive,100,IMO=9255880,39686,ZEPHYR I,vessel,SDGT,Panama,-0- ,"Former Vessel Flag Palau; Secondary sanctions risk: section 1(b) of Executive Order 13224, as amended by Executive Order 13886; Vessel Registration Identification IMO 9255880; MMSI 511100663; Linked To: ARTEMOV, Viktor Sergiyovich."
669613000,Ping Shun,9231901,Eswatini,Indo Gulf Ship Management,2002.0,AFRAMAX TNKR,0000-00-00,archive,100,IMO=9231901,52589,URGANE I,vessel,IRAN-EO13902,Panama,-0- ,Vessel Registration Identification IMO 9231901; MMSI 370207000; Linked To: NYCITY SHIPMANAGEMENT CO LTD.
273271320,Pioner 1,9378618,Russia,Peace Shipmanagement,2008.0,LR2 TNKR,0000-00-00,archive,100,IMO=9378618,51786,SI HE,vessel,UKRAINE-EO13662] [RUSSIA-EO14024,Panama,-0- ,"Secondary sanctions risk: See Section 11 of Executive Order 14024.; alt. Secondary sanctions risk: Ukraine-/Russia-Related Sanctions Regulations, 31 CFR 589.201 and/or 589.209; Vessel Registration Identification IMO 9378618; MMSI 352002948; Linked To: LOENGO SHIPPING AND TRADER LIMITED."
461000256,Primavera,9511533,Oman,Sovcomflot,2010.0,AFRAMAX TNKR,0000-00-00,archive,100,IMO=9511533,51660,RIGEL,vessel,UKRAINE-EO13662] [RUSSIA-EO14024,Barbados,-0- ,"Secondary sanctions risk: See Section 11 of Executive Order 14024.; alt. Secondary sanctions risk: Ukraine-/Russia-Related Sanctions Regulations, 31 CFR 589.201 and/or 589.209; Vessel Registration Identification IMO 9511533; MMSI 314919000; Linked To: JOINT STOCK COMPANY SOVCOMFLOT."
273277290,Producer,9346732,Russia,Henghai Energy Shipping,2007.0,AFRAMAX TNKR,0000-00-00,archive,100,IMO=9346732,51860,HUIHAI PACIFIC,vessel,UKRAINE-EO13662] [RUSSIA-EO14024,Panama,-0- ,"Secondary sanctions risk: See Section 11 of Executive Order 14024.; alt. Secondary sanctions risk: Ukraine-/Russia-Related Sanctions Regulations, 31 CFR 589.201 and/or 589.209; Vessel Registration Identification IMO 9346732; MMSI 352002122; Linked To: HONG KONG HANYUAN SHIPPING CO LIMITED."
273272770,Provider,9312872,Russia,Dominant Shipping,2007.0,LR2 TNKR,0000-00-00,archive,100,IMO=9312872,51854,HUI HAI ATLANTIC,vessel,UKRAINE-EO13662] [RUSSIA-EO14024,Panama,-0- ,"Secondary sanctions risk: See Section 11 of Executive Order 14024.; alt. Secondary sanctions risk: Ukraine-/Russia-Related Sanctions Regulations, 31 CFR 589.201 and/or 589.209; Vessel Registration Identification IMO 9312872; MMSI 352002139; Linked To: HUIHAI HONG KONG SHIPPING CO LIMITED."
354907000,Rani,9250907,Panama,Starboard Shipping,2003.0,AFRAMAX TNKR,0000-00-00,archive,100,IMO=9250907,53928,RANI,vessel,IRAN-EO13902,Panama,-0- ,Vessel Registration Identification IMO 9250907; MMSI 354907000; Linked To: STARBOARD SHIPPING INC.
775181000,Regina,9230098,Venezuela,Spine Denizcilik,2001.0,AFRAMAX TNKR,0000-00-00,archive,100,IMO=9230098,40892,JAMAICA,vessel,IRAN-EO13846,Vietnam,-0- ,Vessel Registration Identification IMO 9230098; MMSI 574004860; Linked To: GOLDEN LOTUS OIL GAS AND REAL ESTATE JOINT STOCK COMPANY.
650000116,Rens,9242223,Mozambique,Adonia Shipping,2003.0,AFRAMAX TNKR,0000-00-00,archive,100,IMO=9242223,52334,SHUN TAI,vessel,UKRAINE-EO13662] [RUSSIA-EO14024,Liberia,-0- ,"Secondary sanctions risk: See Section 11 of Executive Order 14024.; alt. Secondary sanctions risk: Ukraine-/Russia-Related Sanctions Regulations, 31 CFR 589.201 and/or 589.209; Vessel Registration Identification IMO 9242223; MMSI 636022303; Linked To: SYMI SHIPPING LIMITED."
613464706,Reston,9265744,Cameroon,Pro Mission Sdn Bhd,2003.0,AFRAMAX TNKR,0000-00-00,archive,100,IMO=9265744,53821,RESTON,vessel,IRAN-EO13902,Cameroon,-0- ,Vessel Registration Identification IMO 9265744; MMSI 613464706; Linked To: OCEANIC ORBIT INCORPORATED.
0,Riesco,9251822,Unknown,Undisclosed,2003.0,AFRAMAX TNKR,0000-00-00,archive,100,IMO=9251822,56417,AQUARIS,vessel,IRAN-EO13846,Panama,-0- ,Vessel Year of Build 2003; Vessel Registration Identification IMO 9251822; MMSI 352003040; Linked To: ARKADIA MARITIME INCORPORATED.
613407803,Riva,9255684,Cameroon,Everest Sea Navigation,2004.0,AFRAMAX TNKR,0000-00-00,archive,100,IMO=9255684,56547,GOLDEN EAGLE,vessel,IRAN-EO13902,Unknown,-0- ,Former Vessel Flag Gambia; Vessel Year of Build 2004; Vessel Registration Identification IMO 9255684; MMSI 341313001; Linked To: EVEREST SEA NAVIGATION SA.
668116325,Rosalin,9253325,Sao Tome & Principe,Shanghai Future Ship Management,2004.0,AFRAMAX TNKR,0000-00-00,archive,100,IMO=9253325,51639,NURKEZ,vessel,UKRAINE-EO13662] [RUSSIA-EO14024,Panama,-0- ,"Secondary sanctions risk: See Section 11 of Executive Order 14024.; alt. Secondary sanctions risk: Ukraine-/Russia-Related Sanctions Regulations, 31 CFR 589.201 and/or 589.209; Vessel Registration Identification IMO 9253325; MMSI 352002470; Linked To: SERPENS LIMITED."
0,Scaler,9254915,Unknown,Forest Shipping,2004.0,AFRAMAX TNKR,0000-00-00,archive,100,IMO=9254915,53607,VIOLA,vessel,IRAN-EO13902,Panama,-0- ,Vessel Registration Identification IMO 9254915; MMSI 354951000; Linked To: SEA BREEZE SHIPPING INC.
631010090,Rozmarine,9250531,Equatorial Guinea,Adel Ship Management,2004.0,LR2 TNKR,0000-00-00,archive,100,IMO=9250531,51682,PYTHON,vessel,UKRAINE-EO13662] [RUSSIA-EO14024,Barbados,-0- ,"Secondary sanctions risk: See Section 11 of Executive Order 14024.; alt. Secondary sanctions risk: Ukraine-/Russia-Related Sanctions Regulations, 31 CFR 589.201 and/or 589.209; Vessel Registration Identification IMO 9250531; MMSI 314993000; Linked To: OCEAN WATERS MARITIME CORPORATION."
306760000,Ruby,9192258,Netherlands,Undisclosed,2000.0,AFRAMAX TNKR,0000-00-00,archive,100,IMO=9192258,30862,BALIAR,vessel,VENEZUELA-EO13850,Liberia,-0- ,Vessel Registration Identification IMO 9192258; Linked To: FIDES SHIP MANAGEMENT LLC.
679881010,Ruby Cross,9350654,Zimbabwe,Undisclosed,2007.0,AFRAMAX TNKR,0000-00-00,archive,100,IMO=9350654,51805,SURREY QUAYS,vessel,UKRAINE-EO13662] [RUSSIA-EO14024,Panama,-0- ,"Secondary sanctions risk: See Section 11 of Executive Order 14024.; alt. Secondary sanctions risk: Ukraine-/Russia-Related Sanctions Regulations, 31 CFR 589.201 and/or 589.209; Vessel Registration Identification IMO 9350654; MMSI 352002589; Linked To: SURREY QUAYS COMPANY  LIMITED."
352001616,Sagitta,9296822,Panama,Camellia Jackson,2005.0,AFRAMAX TNKR,0000-00-00,archive,100,IMO=9296822,51710,SAGITTA,vessel,UKRAINE-EO13662] [RUSSIA-EO14024,Panama,-0- ,"Secondary sanctions risk: See Section 11 of Executive Order 14024.; alt. Secondary sanctions risk: Ukraine-/Russia-Related Sanctions Regulations, 31 CFR 589.201 and/or 589.209; Vessel Registration Identification IMO 9296822; MMSI 352001616; Linked To: SUNNE CO LIMITED."
273259630,Sakhalin,9249128,Russia,Sovcomflot,2004.0,LR2 SHUTTLE TNKR,0000-00-00,archive,100,IMO=9249128,47015,SAKHALIN ISLAND,vessel,RUSSIA-EO14024,Panama,-0- ,Secondary sanctions risk: See Section 11 of Executive Order 14024.; Vessel Registration Identification IMO 9249128; MMSI 352002202; Linked To: JOINT STOCK COMPANY SOVCOMFLOT.
650000303,Salus,9198082,Mozambique,Undisclosed,1999.0,AFRAMAX TNKR,0000-00-00,archive,100,IMO=9198082,52818,GIOIOSA,vessel,SDGT,Panama,-0- ,"Secondary sanctions risk: section 1(b) of Executive Order 13224, as amended by Executive Order 13886; Vessel Registration Identification IMO 9198082; MMSI 352980833; Linked To: GOZOSO GROUP LTD."
273271660,Salut,9383950,Russia,Idas LLC,2009.0,LR2 TNKR,0000-00-00,archive,100,IMO=9383950,51592,ELEGANCE,vessel,UKRAINE-EO13662] [RUSSIA-EO14024,Panama,-0- ,"Secondary sanctions risk: See Section 11 of Executive Order 14024.; alt. Secondary sanctions risk: Ukraine-/Russia-Related Sanctions Regulations, 31 CFR 589.201 and/or 589.209; Vessel Registration Identification IMO 9383950; MMSI 352002791; Linked To: PROMINENT SHIPMANAGEMENT LIMITED."
620999844,Sintez,9378632,Comoros,Peace Shipmanagement,2009.0,LR2 TNKR,0000-00-00,archive,100,IMO=9378632,52347,PING AN,vessel,UKRAINE-EO13662] [RUSSIA-EO14024,Panama,-0- ,"Secondary sanctions risk: See Section 11 of Executive Order 14024.; alt. Secondary sanctions risk: Ukraine-/Russia-Related Sanctions Regulations, 31 CFR 589.201 and/or 589.209; Vessel Registration Identification IMO 9378632; MMSI 352002898; Linked To: CHENG SHIPPING AND TRADER LIMITED."
655280000,Shanghai,9237228,Malawi,Undisclosed,2002.0,AFRAMAX TNKR,0000-00-00,archive,100,IMO=9237228,54118,THANE,vessel,IRAN-EO13902,San Marino,-0- ,Vessel Year of Build 2002; Vessel Registration Identification IMO 9237228; MMSI 268246702; Linked To: NISSHO LINES INCORPORATED.
613414707,Silvar,9291262,Cameroon,Lasiglia Investment,2005.0,AFRAMAX TNKR,0000-00-00,archive,100,IMO=9291262,56951,SILVAR,vessel,IRAN-EO13902,Cameroon,-0- ,Vessel Year of Build 2005; Vessel Registration Identification IMO 9291262; MMSI 613414707; Linked To: FLEET TANQO PRIVATE LIMITED.
613447803,Silvio,9223344,Cameroon,Suncrest Navigation,2002.0,AFRAMAX TNKR,0000-00-00,archive,100,IMO=9223344,57006,REMIZ,vessel,IRAN-EO13902,Panama,-0- ,Vessel Year of Build 2002; Vessel Registration Identification IMO 9223344; MMSI 352005545; Linked To: GOLDWAVE MARITIME SERVICES INC.
352421000,Skadi,9230971,Panama,Undisclosed,2001.0,AFRAMAX TNKR,0000-00-00,archive,100,IMO=9230971,54146,SKADI,vessel,IRAN-EO13902,Panama,-0- ,Vessel Year of Build 2001; Vessel Registration Identification IMO 9230971; MMSI 352421000; Linked To: SKADI LIMITED.
649136000,Sirius 1,9285847,Mali,Undisclosed,2005.0,LR2 TNKR,0000-00-00,archive,100,IMO=9285847,51611,SIRIUS 1,vessel,UKRAINE-EO13662] [RUSSIA-EO14024,Panama,-0- ,"Secondary sanctions risk: See Section 11 of Executive Order 14024.; alt. Secondary sanctions risk: Ukraine-/Russia-Related Sanctions Regulations, 31 CFR 589.201 and/or 589.209; Vessel Registration Identification IMO 9285847; MMSI 352003720; Linked To: SINO SHIP MANAGEMENT COMPANY LIMITED."
273275260,Skif,9419137,Russia,Idas LLC,2010.0,LR2 TNKR,0000-00-00,archive,100,IMO=9419137,51603,SIVAS,vessel,UKRAINE-EO13662] [RUSSIA-EO14024,Panama,-0- ,"Secondary sanctions risk: See Section 11 of Executive Order 14024.; alt. Secondary sanctions risk: Ukraine-/Russia-Related Sanctions Regulations, 31 CFR 589.201 and/or 589.209; Vessel Registration Identification IMO 9419137; MMSI 352002488; Linked To: PROMINENT SHIPMANAGEMENT LIMITED."
273615700,Sofia,9211999,Russia,Yug Rusi Shipping,2000.0,AFRAMAX TNKR,0000-00-00,archive,100,IMO=9211999,51501,SANAR 7,vessel,UKRAINE-EO13662] [RUSSIA-EO14024,Russia,-0- ,"Secondary sanctions risk: See Section 11 of Executive Order 14024.; alt. Secondary sanctions risk: Ukraine-/Russia-Related Sanctions Regulations, 31 CFR 589.201 and/or 589.209; Vessel Registration Identification IMO 9211999; MMSI 273615700; Linked To: SUNOR ILLC."
655091441,YFabulous,9276585,Malawi,Young Folks International Trading,2004.0,AFRAMAX TNKR,0000-00-00,archive,100,IMO=9276585,52543,CH BILLION,vessel,IRAN-EO13902,Panama,-0- ,"Vessel Registration Identification IMO 9276585; MMSI 352003955; Linked To: YOUNG FOLKS INTERNATIONAL TRADING CO., LIMITED."
650000177,Soufia 1,9273052,Mozambique,Leora Shipping,2003.0,AFRAMAX TNKR,0000-00-00,archive,100,IMO=9273052,52310,ALISSA,vessel,UKRAINE-EO13662] [RUSSIA-EO14024,Gabon,-0- ,"Secondary sanctions risk: See Section 11 of Executive Order 14024.; alt. Secondary sanctions risk: Ukraine-/Russia-Related Sanctions Regulations, 31 CFR 589.201 and/or 589.209; Vessel Registration Identification IMO 9273052; MMSI 626248000; Linked To: DOXA SHIPPING LINE INC."
306884000,Star Line,9237618,Curacao,Starline Express Shipping,2003.0,AFRAMAX TNKR,0000-00-00,archive,100,IMO=9237618,49845,MIROVA DYNAMIC,vessel,SDGT,Unknown,-0- ,"Secondary sanctions risk: section 1(b) of Executive Order 13224, as amended by Executive Order 13886; Vessel Registration Identification IMO 9237618; Linked To: SEA KNOT SHIPPING INC."
352001510,Syndra,9321976,Panama,Sunne,2007.0,AFRAMAX TNKR,0000-00-00,archive,100,IMO=9321976,51700,HEIDI A,vessel,UKRAINE-EO13662] [RUSSIA-EO14024,Panama,-0- ,"Secondary sanctions risk: See Section 11 of Executive Order 14024.; alt. Secondary sanctions risk: Ukraine-/Russia-Related Sanctions Regulations, 31 CFR 589.201 and/or 589.209; Vessel Registration Identification IMO 9321976; MMSI 352001510; Linked To: SUNNE CO LIMITED."
613442790,Tagor,9282481,Cameroon,Zimar Shipping,2005.0,AFRAMAX TNKR,0000-00-00,archive,100,IMO=9282481,54801,TAGOR,vessel,IRAN-EO13902,Panama,-0- ,Vessel Year of Build 2005; Vessel Registration Identification IMO 9282481; MMSI 352002249; Linked To: THE ZULU SHIPS MANAGEMENT AND OPERATION - SOLE PROPRIETORSHIP L.L.C.
620800047,Tani,9417464,Comoros,Undisclosed,2009.0,LR2 TNKR,0000-00-00,archive,100,IMO=9417464,57033,ANIKA,vessel,IRAN-EO13902,Panama,-0- ,Vessel Year of Build 2009; Vessel Registration Identification IMO 9417464; MMSI 352002243; Linked To: ANIKA LINES INC.
613938500,Tavian,9147447,Cameroon,Arcana Voyage Shipmanagement,1998.0,LR2 TNKR,0000-00-00,archive,100,IMO=9147447,29487,SIERRA,vessel,VENEZUELA-EO13850,Russia,-0- ,Vessel Registration Identification IMO 9147447; Linked To: RUSTANKER LLC.
306103000,Tawanna,9247780,Curacao,Undisclosed,2003.0,AFRAMAX TNKR,0000-00-00,archive,100,IMO=9247780,51612,TURACO,vessel,UKRAINE-EO13662] [RUSSIA-EO14024,Panama,-0- ,"Secondary sanctions risk: See Section 11 of Executive Order 14024.; alt. Secondary sanctions risk: Ukraine-/Russia-Related Sanctions Regulations, 31 CFR 589.201 and/or 589.209; Vessel Registration Identification IMO 9247780; MMSI 352002942; Linked To: SINO SHIP MANAGEMENT COMPANY LIMITED."
352002137,Thalia III,9259197,Panama,Munne,2003.0,AFRAMAX TNKR,0000-00-00,archive,100,IMO=9259197,51810,THALIA III,vessel,UKRAINE-EO13662] [RUSSIA-EO14024,Panama,-0- ,"Secondary sanctions risk: See Section 11 of Executive Order 14024.; alt. Secondary sanctions risk: Ukraine-/Russia-Related Sanctions Regulations, 31 CFR 589.201 and/or 589.209; Vessel Registration Identification IMO 9259197; MMSI 352002137; Linked To: SELENA LIVELY LIMITED."
570389000,Tianma,9242120,Tonga,Bonheur Shipping,2003.0,AFRAMAX TNKR,0000-00-00,archive,100,IMO=9242120,53931,NYANTARA,vessel,IRAN-EO13902,Panama,-0- ,Vessel Registration Identification IMO 9242120; MMSI 352002259; Linked To: CIVIC CAPITAL SHIPPING INC.
422976600,Tiyara,9231224,Iran,Undisclosed,2002.0,AFRAMAX TNKR,0000-00-00,archive,100,IMO=9231224,50850,TIYARA,vessel,SDGT,-0- ,-0- ,"Secondary sanctions risk: section 1(b) of Executive Order 13224, as amended by Executive Order 13886; Vessel Registration Identification IMO 9231224; MMSI 422471300; Linked To: MALLAH, Abdul Jalil."
273270320,Trader,9388754,Russia,Xingfu Hai Shipping,2008.0,LR2 TNKR,0000-00-00,archive,100,IMO=9388754,51827,WEI FENG,vessel,UKRAINE-EO13662] [RUSSIA-EO14024,Panama,-0- ,"Secondary sanctions risk: See Section 11 of Executive Order 14024.; alt. Secondary sanctions risk: Ukraine-/Russia-Related Sanctions Regulations, 31 CFR 589.201 and/or 589.209; Vessel Registration Identification IMO 9388754; MMSI 352002820; Linked To: XINGFU HAI SHIPPING LIMITED."
273278480,Transformer,9288851,Russia,Undisclosed,2004.0,AFRAMAX TNKR,0000-00-00,archive,100,IMO=9288851,51723,CARL,vessel,UKRAINE-EO13662] [RUSSIA-EO14024,Barbados,-0- ,"Secondary sanctions risk: See Section 11 of Executive Order 14024.; alt. Secondary sanctions risk: Ukraine-/Russia-Related Sanctions Regulations, 31 CFR 589.201 and/or 589.209; Vessel Registration Identification IMO 9288851; MMSI 314975000; Linked To: CUBE VENTURES SHIPPING SA."
352002704,Tyche I,9247390,Panama,Delnaz Ship Management,2003.0,AFRAMAX TNKR,0000-00-00,archive,100,IMO=9247390,51055,TYCHE I,vessel,IRAN-EO13846,Panama,-0- ,Vessel Registration Identification IMO 9247390; MMSI 352002704; Linked To: DELNAZ SHIP MANAGEMENT SDN BHD.
750057000,Uma,9258870,Guyana,Salina Ship Management Pvt Ltd,2003.0,AFRAMAX TNKR,0000-00-00,archive,100,IMO=9258870,51813,LELIA,vessel,SDGT,Barbados,-0- ,"Secondary sanctions risk: section 1(b) of Executive Order 13224, as amended by Executive Order 13886; Vessel Registration Identification IMO 9258870; MMSI 314861000; Linked To: SALINA SHIP MANAGEMENT PVT LTD."
632001131,Vernon,9232876,Guinea,Beacon Bay Shipping,2003.0,AFRAMAX TNKR,0000-00-00,archive,100,IMO=9232876,53571,BRAVA LAKE,vessel,IRAN-EO13902,Barbados,-0- ,Vessel Registration Identification IMO 9232876; MMSI 314867000; Linked To: ZENITH BRIDGE INC.
461000330,Zaliv Baikal,9360128,Oman,Sovcomflot,2009.0,LR2 TNKR,0000-00-00,archive,100,IMO=9360128,51497,ZALIV BAIKAL,vessel,UKRAINE-EO13662] [RUSSIA-EO14024,Panama,-0- ,"Secondary sanctions risk: See Section 11 of Executive Order 14024.; alt. Secondary sanctions risk: Ukraine-/Russia-Related Sanctions Regulations, 31 CFR 589.201 and/or 589.209; Vessel Registration Identification IMO 9360128; MMSI 352002194; Linked To: JOINT STOCK COMPANY SOVCOMFLOT."
273278850,Victor Konetsky,9301421,Russia,Sovcomflot,2005.0,AFRAMAX SHUTTLE TNKR,0000-00-00,archive,100,IMO=9301421,51494,VICTOR KONETSKY,vessel,UKRAINE-EO13662] [RUSSIA-EO14024,Panama,-0- ,"Secondary sanctions risk: See Section 11 of Executive Order 14024.; alt. Secondary sanctions risk: Ukraine-/Russia-Related Sanctions Regulations, 31 CFR 589.201 and/or 589.209; Vessel Registration Identification IMO 9301421; MMSI 352002197; Linked To: JOINT STOCK COMPANY SOVCOMFLOT."
273619700,Victoria,9212008,Russia,Yug Rusi Shipping,2000.0,AFRAMAX TNKR,0000-00-00,archive,100,IMO=9212008,51502,SANAR 8,vessel,UKRAINE-EO13662] [RUSSIA-EO14024,Russia,-0- ,"Secondary sanctions risk: See Section 11 of Executive Order 14024.; alt. Secondary sanctions risk: Ukraine-/Russia-Related Sanctions Regulations, 31 CFR 589.201 and/or 589.209; Vessel Registration Identification IMO 9212008; MMSI 273619700; Linked To: SUNOR ILLC."
273276660,Viktor Titov,9301407,Russia,Sovcomflot,2005.0,AFRAMAX SHUTTLE TNKR,0000-00-00,archive,100,IMO=9301407,51495,VIKTOR TITOV,vessel,UKRAINE-EO13662] [RUSSIA-EO14024,Panama,-0- ,"Secondary sanctions risk: See Section 11 of Executive Order 14024.; alt. Secondary sanctions risk: Ukraine-/Russia-Related Sanctions Regulations, 31 CFR 589.201 and/or 589.209; Vessel Registration Identification IMO 9301407; MMSI 352002204; Linked To: JOINT STOCK COMPANY SOVCOMFLOT."
314679000,Volans,9422988,Barbados,Jetee,2009.0,AFRAMAX TNKR,0000-00-00,archive,100,IMO=9422988,53327,VOLANS,vessel,IRAN-EO13902,Barbados,-0- ,Vessel Registration Identification IMO 9422988; MMSI 314679000; Linked To: BRITNEY RYDER LIMITED.
306761000,Xanthos Eos,9231212,Curacao,Merluza Group,2002.0,AFRAMAX TNKR,0000-00-00,archive,100,IMO=9231212,51899,MERMAR,vessel,UKRAINE-EO13662] [RUSSIA-EO14024,Panama,-0- ,"Secondary sanctions risk: See Section 11 of Executive Order 14024.; alt. Secondary sanctions risk: Ukraine-/Russia-Related Sanctions Regulations, 31 CFR 589.201 and/or 589.209; Vessel Registration Identification IMO 9231212; MMSI 352978243; Linked To: MERLUZA GROUP LIMITED."
775090000,Yare,9543500,Venezuela,PDV Marina,2011.0,AFRAMAX TNKR,0000-00-00,archive,100,IMO=9543500,28017,YARE,vessel,VENEZUELA-EO13884,Venezuela,-0- ,"Vessel Registration Identification IMO 9543500; Linked To: PETROLEOS DE VENEZUELA, S.A."
314001154,Yehope,9243320,Barbados,Summer Ship Management,2003.0,LR2 TNKR,0000-00-00,archive,100,IMO=9243320,58221,YEHOPE,vessel,IRAN-EO13902,Barbados,-0- ,Vessel Year of Build 2003; Vessel Registration Identification IMO 9243320; MMSI 314001154; Linked To: BRANCH SAYING INTERNATIONAL TRADING CO LTD.
461000260,Zaliv Vostok,9360130,Oman,Sovcomflot,2009.0,LR2 TNKR,0000-00-00,archive,100,IMO=9360130,51498,ZALIV VOSTOK,vessel,UKRAINE-EO13662] [RUSSIA-EO14024,Panama,-0- ,"Secondary sanctions risk: See Section 11 of Executive Order 14024.; alt. Secondary sanctions risk: Ukraine-/Russia-Related Sanctions Regulations, 31 CFR 589.201 and/or 589.209; Vessel Registration Identification IMO 9360130; MMSI 352002196; Linked To: JOINT STOCK COMPANY SOVCOMFLOT."
631010085,Yodan,9304356,Equatorial Guinea,Akara Navigation,2005.0,AFRAMAX TNKR,0000-00-00,archive,100,IMO=9304356,54891,YODAN,vessel,IRAN-EO13902,Vanuatu,-0- ,Vessel Year of Build 2005; Vessel Registration Identification IMO 9304356; MMSI 577006000; Linked To: BACKSTREET PALM CORP.
273275850,Yuri Senkevich,9301419,Russia,Sovcomflot,2005.0,AFRAMAX SHUTTLE TNKR,0000-00-00,archive,100,IMO=9301419,51803,YURI SENKEVICH,vessel,UKRAINE-EO13662] [RUSSIA-EO14024,Panama,-0- ,"Secondary sanctions risk: See Section 11 of Executive Order 14024.; alt. Secondary sanctions risk: Ukraine-/Russia-Related Sanctions Regulations, 31 CFR 589.201 and/or 589.209; Vessel Registration Identification IMO 9301419; MMSI 352002198; Linked To: STREAM SHIP MANAGEMENT FZCO."
461000231,Zaliv Aniva,9418494,Oman,Sovcomflot,2009.0,AFRAMAX SHUTTLE TNKR,0000-00-00,archive,100,IMO=9418494,51724,ZALIV ANIVA,vessel,UKRAINE-EO13662] [RUSSIA-EO14024,Panama,-0- ,"Secondary sanctions risk: See Section 11 of Executive Order 14024.; alt. Secondary sanctions risk: Ukraine-/Russia-Related Sanctions Regulations, 31 CFR 589.201 and/or 589.209; Vessel Registration Identification IMO 9418494; MMSI 352002209; Linked To: JOINT STOCK COMPANY SOVCOMFLOT."
667001798,Kartha,9317949,Sierra Leone,Vavau Maritime,2007.0,LR2 TNKR,0000-00-00,archive,90,MMSI=667001798,51907,BARON,vessel,SDGT,Guyana,-0- ,"Secondary sanctions risk: section 1(b) of Executive Order 13224, as amended by Executive Order 13886; Vessel Registration Identification IMO 9080493; MMSI 667001798; Linked To: PEARL SHIPPING & TRADING LTD."
613469620,Rora,9288722,Cameroon,Nautilus Fleet Management,2005.0,AFRAMAX TNKR,0000-00-00,archive,90,MMSI=613469620,54177,BALU,vessel,SDGT,Cameroon,-0- ,"Secondary sanctions risk: section 1(b) of Executive Order 13224, as amended by Executive Order 13886; Vessel Registration Identification IMO 9235244; MMSI 613469620; Linked To: FORSAL CHARTERING CORPORATION."
352002063,,,,,,,,ais_only,90,MMSI=352002063,56952,DAPHNE V,vessel,IRAN-EO13902,Panama,-0- ,Vessel Year of Build 2006; Vessel Registration Identification IMO 9321677; MMSI 352002063; Linked To: FLEET TANQO PRIVATE LIMITED.
352002243,,,,,,,,ais_only,90,MMSI=352002243,57033,ANIKA,vessel,IRAN-EO13902,Panama,-0- ,Vessel Year of Build 2009; Vessel Registration Identification IMO 9417464; MMSI 352002243; Linked To: ANIKA LINES INC.
